,날짜,품목명,평균가격,전일평균가격,전년가격,등급,평균기온,강수량
0,20170101,대파(일반),2509.6,2833.0,0.0,특,4.3,0.0
5,20170103,대파(일반),2833.0,0.0,2761.0,특,5.1,0.0
9,20170104,대파(일반),2797.0,2833.0,2957.0,특,4.4,0.0
13,20170105,대파(일반),2797.0,2797.0,2621.0,특,7.5,0.5
17,20170106,대파(일반),2797.0,2797.0,2599.0,특,7.2,0.2
21,20170107,대파(일반),2509.6,2797.0,2442.0,특,7.1,1.0
26,20170109,대파(일반),2797.0,0.0,0.0,특,5.6,0.0
30,20170110,대파(일반),2527.0,2797.0,2278.0,특,4.2,0.0
34,20170111,대파(일반),2198.0,2527.0,2000.0,특,1.9,0.1
38,20170112,대파(일반),2252.0,2198.0,1934.0,특,3.7,0.2
42,20170113,대파(일반),2500.0,2252.0,1860.0,특,3.1,0.1
46,20170114,대파(일반),2509.6,2500.0,1835.0,특,0.1,0.1
51,20170116,대파(일반),2500.0,0.0,0.0,특,1.8,0.0
55,20170117,대파(일반),2500.0,2500.0,1900.0,특,0.8,0.0
59,20170118,대파(일반),2500.0,2500.0,2365.0,특,3.5,0.0
63,20170119,대파(일반),2500.0,2500.0,2486.0,특,2.5,0.0
67,20170120,대파(일반),2300.0,2500.0,2735.0,특,0.8,5.5
71,20170121,대파(일반),2509.6,2300.0,2587.0,특,1.9,0.0
76,20170123,대파(일반),2400.0,0.0,0.0,특,-0.5,0.2
80,20170124,대파(일반),2443.0,2400.0,3311.0,특,0.9,0.0
84,20170125,대파(일반),2619.0,2443.0,3750.0,특,0.9,0.0
88,20170126,대파(일반),2699.0,2619.0,3800.0,특,1.3,0.0
92,20170127,대파(일반),2509.6,2699.0,3436.0,특,3.1,0.5
96,20170128,대파(일반),2509.6,0.0,3982.0,특,3.9,0.0
102,20170131,대파(일반),2509.6,0.0,4256.0,특,-0.4,0.0
106,20170201,대파(일반),2699.0,0.0,4377.0,특,1.8,0.0
110,20170202,대파(일반),2400.0,2699.0,4029.0,특,0.9,0.0
114,20170203,대파(일반),2500.0,2400.0,4053.0,특,1.7,0.0
118,20170204,대파(일반),2509.6,2500.0,3933.0,특,6.9,3.0
123,20170206,대파(일반),2000.0,0.0,0.0,특,2.9,0.0
127,20170207,대파(일반),2509.0,2000.0,0.0,특,2.4,0.0
131,20170208,대파(일반),2509.6,2509.0,0.0,특,2.6,0.3
135,20170209,대파(일반),2500.0,0.0,0.0,특,0.0,0.5
139,20170210,대파(일반),2800.0,2500.0,4100.0,특,-1.5,4.5
143,20170211,대파(일반),2509.6,2800.0,4024.0,특,0.2,0.5
148,20170213,대파(일반),2858.0,0.0,0.0,특,2.9,0.0
152,20170214,대파(일반),2908.0,2858.0,2619.0,특,3.8,0.0
156,20170215,대파(일반),9231.0,2908.0,3891.0,특,2.1,0.0
160,20170216,대파(일반),2700.0,9231.0,2859.0,특,8.5,2.0
164,20170217,대파(일반),2600.0,2700.0,3381.0,특,5.1,1.0
168,20170218,대파(일반),2509.6,2600.0,3338.0,특,0.7,0.0
173,20170220,대파(일반),2600.0,0.0,0.0,특,3.8,0.5
177,20170221,대파(일반),2600.0,2600.0,0.0,특,3.2,0.0
181,20170222,대파(일반),2600.0,2600.0,3500.0,특,8.1,14.5
185,20170223,대파(일반),2600.0,2600.0,3296.0,특,2.6,0.0
189,20170224,대파(일반),2600.0,2600.0,3252.0,특,1.6,0.0
193,20170225,대파(일반),2509.6,2600.0,2717.0,특,4.0,0.0
198,20170227,대파(일반),2487.0,0.0,0.0,특,3.7,0.0
202,20170228,대파(일반),3189.0,2487.0,2400.0,특,3.7,0.0
206,20170301,대파(일반),2509.6,3189.0,0.0,특,6.9,1.5
210,20170302,대파(일반),3000.0,0.0,2783.0,특,3.4,0.0
214,20170303,대파(일반),3434.0,3000.0,2779.0,특,3.7,0.0
218,20170304,대파(일반),3487.0,3434.0,2682.0,특,5.4,0.0
222,20170305,대파(일반),2509.6,3487.0,0.0,특,6.0,0.0
226,20170306,대파(일반),3500.0,0.0,0.0,특,3.0,0.0
230,20170307,대파(일반),3500.0,3500.0,2625.0,특,0.8,0.5
234,20170308,대파(일반),2509.6,3500.0,2983.0,특,4.0,0.0
238,20170309,대파(일반),3419.0,0.0,2861.0,특,7.1,0.0
242,20170310,대파(일반),3500.0,3419.0,2879.0,특,5.5,0.0
246,20170311,대파(일반),3500.0,3500.0,2800.0,특,6.0,0.0
250,20170312,대파(일반),2509.6,3500.0,0.0,특,8.2,0.0
254,20170313,대파(일반),3300.0,0.0,0.0,특,6.7,0.0
258,20170314,대파(일반),3063.0,3300.0,2697.0,특,6.0,0.0
262,20170315,대파(일반),3300.0,3063.0,2775.0,특,4.9,0.0
266,20170316,대파(일반),2931.0,3300.0,2800.0,특,4.1,0.0
270,20170317,대파(일반),3000.0,2931.0,2703.0,특,5.3,0.0
274,20170318,대파(일반),2998.0,3000.0,2833.0,특,6.7,0.0
278,20170319,대파(일반),2509.6,2998.0,0.0,특,8.9,0.0
282,20170320,대파(일반),3200.0,0.0,0.0,특,8.6,6.0
286,20170321,대파(일반),3100.0,3200.0,2700.0,특,7.0,1.0
290,20170322,대파(일반),3054.0,3100.0,2695.0,특,7.2,0.0
294,20170323,대파(일반),3017.0,3054.0,2700.0,특,7.9,0.0
298,20170324,대파(일반),3200.0,3017.0,2444.0,특,7.7,0.0
302,20170325,대파(일반),2750.0,3200.0,2503.0,특,7.3,3.5
306,20170326,대파(일반),2509.6,2750.0,0.0,특,5.7,0.0
310,20170327,대파(일반),3000.0,0.0,0.0,특,7.1,0.0
314,20170328,대파(일반),3000.0,3000.0,2432.0,특,7.7,5.0
318,20170329,대파(일반),3200.0,3000.0,2800.0,특,9.6,2.5
322,20170330,대파(일반),3200.0,3200.0,3063.0,특,9.4,0.0
326,20170331,대파(일반),3000.0,3200.0,3200.0,특,9.0,4.5
330,20170401,대파(일반),2700.0,3000.0,3200.0,특,8.2,0.0
334,20170402,대파(일반),2700.0,2700.0,0.0,특,7.1,0.0
338,20170403,대파(일반),2932.0,2700.0,0.0,특,8.6,0.0
342,20170404,대파(일반),3200.0,2932.0,3000.0,특,12.5,0.0
346,20170405,대파(일반),3000.0,3200.0,2854.0,특,15.4,28.0
350,20170406,대파(일반),2734.0,3000.0,2326.0,특,12.7,3.5
354,20170407,대파(일반),2471.0,2734.0,2710.0,특,12.0,0.0
358,20170408,대파(일반),2600.0,2471.0,2800.0,특,11.7,0.0
362,20170409,대파(일반),2600.0,2600.0,0.0,특,13.1,0.0
366,20170410,대파(일반),2600.0,2600.0,0.0,특,14.7,0.0
370,20170411,대파(일반),2434.0,2600.0,2261.0,특,10.9,9.5
374,20170412,대파(일반),2400.0,2434.0,2968.0,특,10.6,0.0
378,20170413,대파(일반),2600.0,2400.0,0.0,특,11.9,0.0
382,20170414,대파(일반),1975.0,2600.0,0.0,특,15.7,0.0
386,20170415,대파(일반),1600.0,1975.0,2800.0,특,17.4,0.0
390,20170416,대파(일반),1600.0,1600.0,0.0,특,17.2,0.0
394,20170417,대파(일반),2143.0,1600.0,0.0,특,14.8,3.0
398,20170418,대파(일반),2122.0,2143.0,2524.0,특,13.0,0.0
402,20170419,대파(일반),2389.0,2122.0,2585.0,특,12.6,0.0
406,20170420,대파(일반),1635.0,2389.0,3000.0,특,12.3,3.5
410,20170421,대파(일반),1860.0,1635.0,3445.0,특,13.3,0.0
414,20170422,대파(일반),2000.0,1860.0,2808.0,특,12.2,0.0
418,20170423,대파(일반),1986.0,2000.0,0.0,특,12.3,0.0
422,20170424,대파(일반),1919.0,1986.0,0.0,특,14.1,0.0
426,20170425,대파(일반),1999.0,1919.0,1931.0,특,17.5,0.0
430,20170426,대파(일반),2033.0,1999.0,2699.0,특,14.6,0.5
434,20170427,대파(일반),2049.0,2033.0,2593.0,특,12.3,0.0
438,20170428,대파(일반),1713.0,2049.0,2690.0,특,14.5,0.0
442,20170429,대파(일반),1800.0,1713.0,3140.0,특,16.8,0.0
446,20170430,대파(일반),1670.0,1800.0,0.0,특,19.3,0.0
450,20170501,대파(일반),1946.0,1670.0,0.0,특,17.0,0.0
454,20170502,대파(일반),2340.0,1946.0,2215.0,특,16.8,0.0
458,20170503,대파(일반),1579.0,2340.0,3500.0,특,17.4,0.0
462,20170504,대파(일반),1906.0,1579.0,2586.0,특,17.7,4.0
466,20170505,대파(일반),1674.0,1906.0,2524.0,특,17.8,3.0
470,20170506,대파(일반),1516.0,1674.0,1866.0,특,14.8,0.0
474,20170507,대파(일반),1431.0,1516.0,0.0,특,14.8,0.0
478,20170508,대파(일반),2000.0,1431.0,0.0,특,17.0,0.0
482,20170509,대파(일반),2052.0,2000.0,2718.0,특,14.6,6.0
486,20170510,대파(일반),2149.0,2052.0,2711.0,특,14.7,0.5
490,20170511,대파(일반),2248.0,2149.0,2822.0,특,20.1,0.0
494,20170512,대파(일반),1881.0,2248.0,2666.0,특,18.1,1.0
498,20170513,대파(일반),1900.0,1881.0,2403.0,특,17.2,0.0
502,20170514,대파(일반),1900.0,1900.0,0.0,특,15.6,0.0
506,20170515,대파(일반),1900.0,1900.0,0.0,특,14.3,0.0
510,20170516,대파(일반),1809.0,1900.0,0.0,특,14.9,0.0
514,20170517,대파(일반),1776.0,1809.0,2732.0,특,15.5,0.0
518,20170518,대파(일반),1800.0,1776.0,2114.0,특,17.4,0.0
522,20170519,대파(일반),1682.0,1800.0,1984.0,특,17.9,0.0
526,20170520,대파(일반),1467.0,1682.0,1910.0,특,18.0,0.0
530,20170521,대파(일반),1467.0,1467.0,0.0,특,18.5,0.0
534,20170522,대파(일반),1748.0,1467.0,0.0,특,19.9,0.0
538,20170523,대파(일반),1798.0,1748.0,1769.0,특,19.5,0.0
542,20170524,대파(일반),2114.0,1798.0,1889.0,특,19.7,0.0
546,20170525,대파(일반),1996.0,2114.0,1972.0,특,18.1,0.0
550,20170526,대파(일반),2300.0,1996.0,2252.0,특,16.3,0.0
554,20170527,대파(일반),1824.0,2300.0,2024.0,특,15.8,0.0
558,20170528,대파(일반),1824.0,1824.0,0.0,특,18.5,0.0
562,20170529,대파(일반),2205.0,1824.0,0.0,특,20.3,0.0
566,20170530,대파(일반),1797.0,2205.0,1646.0,특,21.0,0.0
570,20170531,대파(일반),1617.0,1797.0,2100.0,특,21.1,0.0
574,20170601,대파(일반),1733.0,1617.0,1988.0,특,19.4,0.0
578,20170602,대파(일반),1630.0,1733.0,2200.0,특,18.3,0.0
582,20170603,대파(일반),1752.0,1630.0,1713.0,특,19.0,0.0
586,20170604,대파(일반),1749.0,1752.0,0.0,특,18.7,0.0
590,20170605,대파(일반),1874.0,1749.0,0.0,특,21.2,0.0
594,20170606,대파(일반),1496.0,1874.0,0.0,특,19.3,21.5
598,20170607,대파(일반),1844.0,1496.0,1897.0,특,18.2,1.5
602,20170608,대파(일반),1861.0,1844.0,1900.0,특,18.5,0.0
606,20170609,대파(일반),1496.0,1861.0,1548.0,특,20.3,0.0
610,20170610,대파(일반),1394.0,1496.0,2100.0,특,21.5,0.0
614,20170611,대파(일반),1394.0,1394.0,0.0,특,21.0,0.0
618,20170612,대파(일반),1761.0,1394.0,0.0,특,18.9,0.0
622,20170613,대파(일반),1770.0,1761.0,1998.0,특,19.4,0.0
626,20170614,대파(일반),1497.0,1770.0,2000.0,특,19.1,0.0
630,20170615,대파(일반),1510.0,1497.0,1686.0,특,20.2,0.0
634,20170616,대파(일반),1685.0,1510.0,1749.0,특,20.7,0.0
638,20170617,대파(일반),1800.0,1685.0,1733.0,특,21.7,0.0
642,20170618,대파(일반),1800.0,1800.0,0.0,특,21.4,0.0
646,20170619,대파(일반),1729.0,1800.0,0.0,특,22.5,0.0
650,20170620,대파(일반),1592.0,1729.0,4210.0,특,21.8,0.0
654,20170621,대파(일반),1257.0,1592.0,1700.0,특,21.7,0.0
658,20170622,대파(일반),1319.0,1257.0,3520.0,특,23.1,0.0
662,20170623,대파(일반),1346.0,1319.0,1711.0,특,22.8,0.0
666,20170624,대파(일반),1627.0,1346.0,1600.0,특,22.2,0.0
670,20170625,대파(일반),1627.0,1627.0,0.0,특,22.8,0.0
674,20170626,대파(일반),1281.0,1627.0,0.0,특,23.5,0.0
678,20170627,대파(일반),1400.0,1281.0,1573.0,특,23.3,0.0
682,20170628,대파(일반),1179.0,1400.0,1552.0,특,23.4,0.0
686,20170629,대파(일반),1355.0,1179.0,1547.0,특,22.2,5.0
690,20170630,대파(일반),1262.0,1355.0,1600.0,특,23.3,0.2
694,20170701,대파(일반),1496.0,1262.0,1475.0,특,25.0,0.5
698,20170702,대파(일반),2509.6,1496.0,1466.0,특,26.0,0.0
702,20170703,대파(일반),1400.0,0.0,0.0,특,26.3,0.0
706,20170704,대파(일반),1311.0,1400.0,1754.0,특,26.0,5.0
710,20170705,대파(일반),1427.0,1311.0,1738.0,특,27.7,0.5
714,20170706,대파(일반),1400.0,1427.0,1771.0,특,25.2,23.0
718,20170707,대파(일반),1416.0,1400.0,1700.0,특,26.7,2.5
722,20170708,대파(일반),1400.0,1416.0,1500.0,특,25.2,33.0
726,20170709,대파(일반),2509.6,1400.0,0.0,특,26.4,0.0
730,20170710,대파(일반),1798.0,0.0,0.0,특,26.6,0.2
734,20170711,대파(일반),1848.0,1798.0,1537.0,특,24.9,0.0
738,20170712,대파(일반),1693.0,1848.0,1600.0,특,25.2,0.0
742,20170713,대파(일반),1872.0,1693.0,1615.0,특,26.9,0.0
746,20170714,대파(일반),1795.0,1872.0,1530.0,특,27.8,1.0
750,20170715,대파(일반),1566.0,1795.0,1614.0,특,27.6,0.5
754,20170716,대파(일반),1566.0,1566.0,0.0,특,28.6,0.0
758,20170717,대파(일반),2100.0,1566.0,0.0,특,27.3,0.5
762,20170718,대파(일반),2194.0,2100.0,1718.0,특,0.0,18.5
766,20170719,대파(일반),2055.0,2194.0,1698.0,특,0.0,18.5
782,20170723,대파(일반),2509.6,1549.0,1416.0,특,28.7,0.0
786,20170724,대파(일반),2039.0,0.0,0.0,특,29.3,0.0
790,20170725,대파(일반),1899.0,2039.0,1513.0,특,27.2,0.0
794,20170726,대파(일반),2115.0,1899.0,1511.0,특,26.9,0.0
798,20170727,대파(일반),1800.0,2115.0,1500.0,특,25.6,0.0
802,20170728,대파(일반),2300.0,1800.0,1649.0,특,27.4,0.0
806,20170729,대파(일반),2509.6,2300.0,1590.0,특,27.5,0.0
810,20170730,대파(일반),1900.0,0.0,0.0,특,27.6,0.0
814,20170731,대파(일반),2300.0,1900.0,0.0,특,27.1,9.5
818,20170801,대파(일반),1826.0,2300.0,1500.0,특,29.3,0.0
822,20170802,대파(일반),2200.0,1826.0,1593.0,특,28.0,0.0
826,20170803,대파(일반),2200.0,2200.0,1676.0,특,28.0,0.0
830,20170804,대파(일반),2700.0,2200.0,1648.0,특,29.0,0.0
834,20170805,대파(일반),2276.0,2700.0,1740.0,특,29.2,0.0
838,20170806,대파(일반),2276.0,2276.0,0.0,특,28.8,0.0
842,20170807,대파(일반),2276.0,2276.0,0.0,특,28.6,0.0
846,20170808,대파(일반),2306.0,2276.0,1984.0,특,27.6,1.5
850,20170809,대파(일반),2155.0,2306.0,1911.0,특,26.3,6.5
854,20170810,대파(일반),2000.0,2155.0,1677.0,특,26.2,0.0
858,20170811,대파(일반),2141.0,2000.0,1514.0,특,26.5,0.0
862,20170812,대파(일반),2934.0,2141.0,1876.0,특,26.6,0.0
866,20170813,대파(일반),2934.0,2934.0,0.0,특,24.9,21.5
870,20170814,대파(일반),2373.0,2934.0,0.0,특,25.8,88.5
874,20170815,대파(일반),2558.0,2373.0,0.0,특,26.0,7.0
878,20170816,대파(일반),2284.0,2558.0,0.0,특,25.7,0.0
882,20170817,대파(일반),2600.0,2284.0,2000.0,특,24.8,0.1
886,20170818,대파(일반),2650.0,2600.0,1825.0,특,25.1,0.0
890,20170819,대파(일반),2600.0,2650.0,2173.0,특,25.0,6.4
894,20170820,대파(일반),2509.6,2600.0,0.0,특,27.1,33.5
898,20170821,대파(일반),2770.0,0.0,0.0,특,26.4,69.5
902,20170822,대파(일반),2709.0,2770.0,1884.0,특,26.8,26.5
906,20170823,대파(일반),2327.0,2709.0,2534.0,특,29.1,0.1
910,20170824,대파(일반),2634.0,2327.0,2103.0,특,29.1,0.1
914,20170825,대파(일반),2977.0,2634.0,2096.0,특,26.4,0.0
918,20170826,대파(일반),2578.0,2977.0,2061.0,특,25.7,0.0
922,20170827,대파(일반),2578.0,2578.0,0.0,특,23.9,0.0
926,20170828,대파(일반),2700.0,2578.0,0.0,특,26.0,0.0
930,20170829,대파(일반),2731.0,2700.0,2299.0,특,23.6,0.4
934,20170830,대파(일반),2561.0,2731.0,2500.0,특,21.9,0.0
938,20170831,대파(일반),2300.0,2561.0,2616.0,특,23.0,0.0
942,20170901,대파(일반),2795.0,2300.0,3500.0,특,22.6,0.0
946,20170902,대파(일반),2500.0,2795.0,2637.0,특,21.3,0.0
950,20170903,대파(일반),2500.0,2500.0,0.0,특,21.9,0.0
954,20170904,대파(일반),2900.0,2500.0,0.0,특,23.1,0.0
958,20170905,대파(일반),2494.0,2900.0,2354.0,특,22.8,1.5
962,20170906,대파(일반),2259.0,2494.0,2791.0,특,22.1,61.0
966,20170907,대파(일반),2164.0,2259.0,2228.0,특,21.3,3.5
970,20170908,대파(일반),2050.0,2164.0,1913.0,특,21.4,0.0
974,20170909,대파(일반),2050.0,2050.0,1921.0,특,22.9,0.0
978,20170910,대파(일반),2050.0,2050.0,2301.0,특,23.4,3.5
982,20170911,대파(일반),1900.0,2050.0,0.0,특,23.2,33.5
986,20170912,대파(일반),2860.0,1900.0,1800.0,특,22.5,0.0
990,20170913,대파(일반),2995.0,2860.0,2762.0,특,21.4,0.0
994,20170914,대파(일반),2932.0,2995.0,0.0,특,21.3,0.0
998,20170915,대파(일반),2311.0,2932.0,0.0,특,21.3,0.0
1002,20170916,대파(일반),2201.0,2311.0,0.0,특,21.1,0.0
1006,20170917,대파(일반),2509.6,2201.0,0.0,특,21.2,0.0
1010,20170918,대파(일반),2201.0,0.0,0.0,특,21.8,0.0
1014,20170919,대파(일반),2525.0,2201.0,2800.0,특,23.4,0.0
1018,20170920,대파(일반),2263.0,2525.0,2920.0,특,20.8,0.0
1022,20170921,대파(일반),2066.0,2263.0,2794.0,특,18.9,0.0
1026,20170922,대파(일반),2189.0,2066.0,2724.0,특,19.8,0.0
1030,20170923,대파(일반),2286.0,2189.0,2296.0,특,20.5,0.0
1034,20170924,대파(일반),2286.0,2286.0,0.0,특,20.9,0.0
1038,20170925,대파(일반),2200.0,2286.0,0.0,특,22.5,0.0
1042,20170926,대파(일반),1916.0,2200.0,2335.0,특,24.3,0.3
1046,20170927,대파(일반),1887.0,1916.0,2294.0,특,21.5,4.0
1050,20170928,대파(일반),2100.0,1887.0,2190.0,특,20.9,0.0
1054,20170929,대파(일반),1819.0,2100.0,2092.0,특,17.7,0.0
1058,20170930,대파(일반),2511.0,1819.0,2536.0,특,19.7,0.0
1062,20171001,대파(일반),2509.6,2511.0,0.0,특,21.0,69.0
1066,20171002,대파(일반),2860.0,0.0,0.0,특,21.4,1.0
1070,20171003,대파(일반),2550.0,2860.0,0.0,특,19.3,0.0
1074,20171004,대파(일반),2509.6,2550.0,2568.0,특,18.4,0.0
1078,20171005,대파(일반),2509.6,0.0,2818.0,특,18.0,11.5
1083,20171007,대파(일반),1400.0,0.0,2735.0,특,19.4,0.0
1087,20171008,대파(일반),2509.6,1400.0,2301.0,특,20.5,0.0
1091,20171009,대파(일반),2331.0,0.0,0.0,특,20.6,0.0
1095,20171010,대파(일반),2628.0,2331.0,2193.0,특,21.7,0.0
1099,20171011,대파(일반),2829.0,2628.0,2247.0,특,18.0,4.0
1103,20171012,대파(일반),2410.0,2829.0,0.0,특,13.8,3.0
1107,20171013,대파(일반),2410.0,2410.0,2380.0,특,15.0,0.0
1111,20171014,대파(일반),1755.0,2410.0,2296.0,특,16.9,0.0
1115,20171015,대파(일반),2509.6,1755.0,0.0,특,16.0,0.5
1119,20171016,대파(일반),2000.0,0.0,0.0,특,17.3,0.0
1123,20171017,대파(일반),1958.0,2000.0,2140.0,특,16.6,0.0
1127,20171018,대파(일반),1921.0,1958.0,2029.0,특,17.3,0.0
1131,20171019,대파(일반),2000.0,1921.0,1970.0,특,15.6,0.0
1135,20171020,대파(일반),1918.0,2000.0,0.0,특,16.0,0.0
1139,20171021,대파(일반),1693.0,1918.0,2100.0,특,15.4,0.0
1143,20171022,대파(일반),2509.6,1693.0,1810.0,특,15.9,0.0
1147,20171023,대파(일반),1812.0,0.0,0.0,특,13.4,0.0
1151,20171024,대파(일반),2218.0,1812.0,2100.0,특,13.0,0.0
1155,20171025,대파(일반),2000.0,2218.0,2189.0,특,12.1,0.0
1159,20171026,대파(일반),1822.0,2000.0,2353.0,특,13.4,0.0
1163,20171027,대파(일반),1757.0,1822.0,2110.0,특,12.9,0.0
1167,20171028,대파(일반),1800.0,1757.0,2389.0,특,15.3,0.0
1171,20171029,대파(일반),2509.6,1800.0,0.0,특,14.6,0.0
1175,20171030,대파(일반),1867.0,0.0,0.0,특,11.0,0.0
1183,20171101,대파(일반),1768.0,1920.0,2416.0,특,9.8,0.0
1187,20171102,대파(일반),2000.0,1768.0,2520.0,특,11.6,0.0
1191,20171103,대파(일반),1914.0,2000.0,2432.0,특,11.4,0.9
1195,20171104,대파(일반),1879.0,1914.0,2723.0,특,9.9,0.0
1199,20171105,대파(일반),2509.6,1879.0,0.0,특,7.8,0.0
1203,20171106,대파(일반),1695.0,0.0,0.0,특,9.7,0.0
1207,20171107,대파(일반),1965.0,1695.0,2226.0,특,15.3,0.0
1211,20171108,대파(일반),2083.0,1965.0,2651.0,특,14.7,0.3
1215,20171109,대파(일반),1901.0,2083.0,2847.0,특,10.9,0.0
1219,20171110,대파(일반),1756.0,1901.0,2405.0,특,14.7,0.0
1223,20171111,대파(일반),1985.0,1756.0,2507.0,특,9.7,0.0
1227,20171112,대파(일반),2509.6,1985.0,0.0,특,7.2,0.0
1231,20171113,대파(일반),1870.0,0.0,0.0,특,8.0,0.0
1235,20171114,대파(일반),1868.0,1870.0,0.0,특,10.2,0.0
1239,20171115,대파(일반),2011.0,1868.0,2812.0,특,6.9,0.0
1247,20171117,대파(일반),1888.0,2053.0,2500.0,특,9.7,1.0
1251,20171118,대파(일반),1951.0,1888.0,2400.0,특,5.1,0.3
1255,20171119,대파(일반),2509.6,1951.0,0.0,특,5.3,0.0
1259,20171120,대파(일반),2034.0,0.0,0.0,특,5.1,0.0
1263,20171121,대파(일반),2924.0,2034.0,2400.0,특,6.0,0.0
1267,20171122,대파(일반),2705.0,2924.0,2740.0,특,9.2,0.1
1271,20171123,대파(일반),1852.0,2705.0,2857.0,특,7.4,0.0
1275,20171124,대파(일반),2058.0,1852.0,3000.0,특,7.1,0.3
1279,20171125,대파(일반),2226.0,2058.0,2500.0,특,7.8,0.0
1283,20171126,대파(일반),2509.6,2226.0,0.0,특,10.3,0.0
1287,20171127,대파(일반),2214.0,0.0,0.0,특,4.7,0.0
1291,20171128,대파(일반),2141.0,2214.0,2500.0,특,9.6,0.0
1295,20171129,대파(일반),2101.0,2141.0,2439.0,특,9.0,0.0
1303,20171201,대파(일반),2139.0,2024.0,2879.0,특,1.5,0.0
1307,20171202,대파(일반),2363.0,2139.0,0.0,특,1.9,0.0
1311,20171203,대파(일반),2509.6,2363.0,0.0,특,5.9,0.0
1315,20171204,대파(일반),2008.0,0.0,0.0,특,4.7,0.0
1319,20171205,대파(일반),2070.0,2008.0,2300.0,특,1.2,3.0
1323,20171206,대파(일반),2403.0,2070.0,3141.0,특,4.2,0.0
1327,20171207,대파(일반),2396.0,2403.0,3414.0,특,5.8,0.0
1331,20171208,대파(일반),2365.0,2396.0,3077.0,특,2.7,0.3
1335,20171209,대파(일반),2386.0,2365.0,2984.0,특,4.3,0.0
1339,20171210,대파(일반),2509.6,2386.0,0.0,특,7.4,1.5
1343,20171211,대파(일반),2555.0,0.0,0.0,특,2.2,2.5
1347,20171212,대파(일반),2542.0,2555.0,2395.0,특,-1.3,0.0
1351,20171213,대파(일반),2488.0,2542.0,2928.0,특,-0.7,0.0
1355,20171214,대파(일반),2481.0,2488.0,3070.0,특,-0.3,0.0
1359,20171215,대파(일반),2369.0,2481.0,3000.0,특,1.3,0.0
1363,20171216,대파(일반),2415.0,2369.0,3000.0,특,2.2,6.5
1367,20171217,대파(일반),2509.6,2415.0,2224.0,특,-1.0,0.5
1371,20171218,대파(일반),2553.0,0.0,0.0,특,3.7,0.0
1375,20171219,대파(일반),2540.0,2553.0,2224.0,특,3.3,0.0
1379,20171220,대파(일반),2434.0,2540.0,2888.0,특,2.6,5.5
1391,20171223,대파(일반),2161.0,2281.0,2731.0,특,5.9,0.0
1395,20171224,대파(일반),2509.6,2161.0,2961.0,특,9.0,17.5
1399,20171225,대파(일반),2300.0,0.0,0.0,특,3.8,0.0
1403,20171226,대파(일반),2289.0,2300.0,0.0,특,4.2,0.0
1407,20171227,대파(일반),2283.0,2289.0,2931.0,특,0.1,0.0
1411,20171228,대파(일반),2167.0,2283.0,2800.0,특,-0.1,0.0
1415,20171229,대파(일반),2261.0,2167.0,3251.0,특,3.7,0.0
1419,20171230,대파(일반),2523.0,2261.0,2989.0,특,5.6,1.5
1423,20171231,대파(일반),2509.6,2523.0,2833.0,특,4.7,0.4
1429,20180103,대파(일반),2509.6,0.0,2833.0,특,2.1,0.0
1433,20180104,대파(일반),2516.0,0.0,2797.0,특,0.9,0.0
1437,20180105,대파(일반),2462.0,2516.0,2797.0,특,2.6,0.2
1441,20180106,대파(일반),2406.0,2462.0,2797.0,특,3.6,0.0
1445,20180107,대파(일반),2187.0,2406.0,0.0,특,4.3,3.0
1449,20180108,대파(일반),2425.0,2187.0,0.0,특,4.2,6.0
1453,20180109,대파(일반),2438.0,2425.0,2797.0,특,2.5,0.2
1457,20180110,대파(일반),2461.0,2438.0,2527.0,특,-0.2,7.5
1461,20180111,대파(일반),2504.0,2461.0,2198.0,특,-2.9,5.5
1465,20180112,대파(일반),2492.0,2504.0,2252.0,특,-4.2,2.0
1469,20180113,대파(일반),2495.0,2492.0,2500.0,특,-1.0,0.0
1473,20180114,대파(일반),2619.0,2495.0,0.0,특,3.3,0.0
1477,20180115,대파(일반),2522.0,2619.0,0.0,특,4.7,0.0
1481,20180116,대파(일반),2464.0,2522.0,2500.0,특,7.0,28.5
1485,20180117,대파(일반),2529.0,2464.0,2500.0,특,5.6,1.5
1489,20180118,대파(일반),2526.0,2529.0,2500.0,특,5.3,0.0
1493,20180119,대파(일반),2333.0,2526.0,2500.0,특,2.7,0.0
1497,20180120,대파(일반),2265.0,2333.0,2300.0,특,2.1,0.0
1501,20180121,대파(일반),2509.6,2265.0,0.0,특,2.9,0.0
1505,20180122,대파(일반),2500.0,0.0,0.0,특,6.3,0.0
1509,20180123,대파(일반),2500.0,2500.0,2400.0,특,-2.2,0.0
1513,20180124,대파(일반),2543.0,2500.0,2443.0,특,-6.4,0.2
1517,20180125,대파(일반),2609.0,2543.0,2619.0,특,-5.4,0.0
1521,20180126,대파(일반),2482.0,2609.0,2699.0,특,-4.4,0.0
1525,20180127,대파(일반),2503.0,2482.0,0.0,특,-3.9,0.0
1529,20180128,대파(일반),2800.0,2503.0,0.0,특,-0.4,0.0
1533,20180129,대파(일반),2765.0,2800.0,0.0,특,-1.7,0.5
1537,20180130,대파(일반),2941.0,2765.0,0.0,특,-2.6,0.1
1541,20180131,대파(일반),3369.0,2941.0,0.0,특,-0.6,0.0
1545,20180201,대파(일반),3676.0,3369.0,2699.0,특,0.0,0.0
1549,20180202,대파(일반),3744.0,3676.0,2400.0,특,-0.6,0.0
1553,20180203,대파(일반),3716.0,3744.0,2500.0,특,-1.8,0.5
1557,20180204,대파(일반),3371.0,3716.0,0.0,특,-2.8,0.2
1561,20180205,대파(일반),3500.0,3371.0,0.0,특,-3.5,5.0
1565,20180206,대파(일반),3568.0,3500.0,2000.0,특,-4.0,1.5
1569,20180207,대파(일반),3620.0,3568.0,2509.0,특,-3.7,0.5
1573,20180208,대파(일반),3560.0,3620.0,0.0,특,1.4,0.0
1577,20180209,대파(일반),3581.0,3560.0,2500.0,특,2.7,0.0
1581,20180210,대파(일반),3551.0,3581.0,2800.0,특,2.9,0.0
1585,20180211,대파(일반),3600.0,3551.0,0.0,특,0.2,3.0
1589,20180212,대파(일반),3600.0,3600.0,0.0,특,0.0,0.3
1593,20180213,대파(일반),3415.0,3600.0,2858.0,특,3.7,0.0
1597,20180214,대파(일반),3145.0,3415.0,2908.0,특,8.2,0.0
1601,20180215,대파(일반),2645.0,3145.0,9231.0,특,1.8,0.0
1605,20180216,대파(일반),2509.6,2645.0,2700.0,특,1.5,0.0
1609,20180217,대파(일반),2509.6,0.0,2600.0,특,1.1,0.0
1613,20180218,대파(일반),2200.0,0.0,0.0,특,2.1,0.0
1617,20180219,대파(일반),1800.0,2200.0,0.0,특,4.0,0.0
1621,20180220,대파(일반),3187.0,1800.0,2600.0,특,3.2,0.0
1625,20180221,대파(일반),3195.0,3187.0,2600.0,특,1.8,0.0
1629,20180222,대파(일반),1983.0,3195.0,2600.0,특,1.2,0.0
1633,20180223,대파(일반),2171.0,1983.0,2600.0,특,4.9,0.0
1637,20180224,대파(일반),2152.0,2171.0,2600.0,특,4.5,0.0
1641,20180225,대파(일반),1949.0,2152.0,0.0,특,4.4,0.0
1645,20180226,대파(일반),2300.0,1949.0,0.0,특,3.6,0.0
1649,20180227,대파(일반),2431.0,2300.0,2487.0,특,6.3,0.0
1653,20180228,대파(일반),2449.0,2431.0,3189.0,특,9.3,24.5
1657,20180301,대파(일반),2435.0,2449.0,0.0,특,3.9,0.0
1661,20180302,대파(일반),2571.0,2435.0,3000.0,특,1.8,0.0
1665,20180303,대파(일반),2588.0,2571.0,3434.0,특,8.4,0.0
1669,20180304,대파(일반),2426.0,2588.0,3487.0,특,13.9,16.0
1673,20180305,대파(일반),8305.0,2426.0,0.0,특,7.3,1.0
1677,20180306,대파(일반),5064.0,8305.0,3500.0,특,6.1,0.0
1681,20180307,대파(일반),2249.0,5064.0,3500.0,특,6.9,15.5
1685,20180308,대파(일반),2200.0,2249.0,0.0,특,4.0,15.5
1689,20180309,대파(일반),3696.0,2200.0,3419.0,특,3.5,0.0
1693,20180310,대파(일반),4611.0,3696.0,3500.0,특,2.8,0.0
1697,20180311,대파(일반),2400.0,4611.0,3500.0,특,4.7,0.0
1701,20180312,대파(일반),2200.0,2400.0,0.0,특,7.8,0.0
1705,20180313,대파(일반),2200.0,2200.0,3300.0,특,13.5,0.0
1709,20180314,대파(일반),2210.0,2200.0,3063.0,특,16.8,0.0
1713,20180315,대파(일반),2096.0,2210.0,3300.0,특,12.9,34.0
1717,20180316,대파(일반),2060.0,2096.0,2931.0,특,7.1,0.0
1721,20180317,대파(일반),2069.0,2060.0,3000.0,특,6.3,0.0
1725,20180318,대파(일반),2139.0,2069.0,2998.0,특,10.8,16.0
1729,20180319,대파(일반),1934.0,2139.0,0.0,특,10.8,13.5
1733,20180320,대파(일반),2175.0,1934.0,3200.0,특,7.3,5.5
1737,20180321,대파(일반),6379.0,2175.0,3100.0,특,2.6,9.5
1741,20180322,대파(일반),5231.0,6379.0,3054.0,특,4.8,0.0
1745,20180323,대파(일반),2517.0,5231.0,3017.0,특,4.7,0.0
1749,20180324,대파(일반),2334.0,2517.0,3200.0,특,7.6,0.0
1753,20180325,대파(일반),2243.0,2334.0,2750.0,특,8.9,0.0
1757,20180326,대파(일반),2083.0,2243.0,0.0,특,10.1,0.0
1761,20180327,대파(일반),2061.0,2083.0,3000.0,특,11.8,0.0
1765,20180328,대파(일반),3463.0,2061.0,3000.0,특,13.2,0.0
1769,20180329,대파(일반),2910.0,3463.0,3200.0,특,14.9,0.0
1773,20180330,대파(일반),1494.0,2910.0,3200.0,특,12.6,0.0
1777,20180331,대파(일반),1494.0,1494.0,3000.0,특,13.8,0.0
1781,20180401,대파(일반),1494.0,1494.0,2700.0,특,16.6,0.0
1785,20180402,대파(일반),1494.0,1494.0,2700.0,특,17.7,0.0
1789,20180403,대파(일반),2070.0,1494.0,2932.0,특,18.7,0.0
1793,20180404,대파(일반),1997.0,2070.0,3200.0,특,13.6,9.0
1797,20180405,대파(일반),1489.0,1997.0,3000.0,특,13.6,13.0
1801,20180406,대파(일반),1280.0,1489.0,2734.0,특,8.6,20.0
1805,20180407,대파(일반),1466.0,1280.0,2471.0,특,6.4,0.0
1809,20180408,대파(일반),1500.0,1466.0,2600.0,특,10.3,0.0
1813,20180409,대파(일반),1700.0,1500.0,2600.0,특,12.4,0.0
1817,20180410,대파(일반),1690.0,1700.0,2600.0,특,16.8,0.0
1821,20180411,대파(일반),1519.0,1690.0,2434.0,특,14.0,0.0
1825,20180412,대파(일반),1302.0,1519.0,2400.0,특,11.8,0.0
1829,20180413,대파(일반),1236.0,1302.0,2600.0,특,14.6,0.0
1833,20180414,대파(일반),1168.0,1236.0,1975.0,특,12.2,37.5
1837,20180415,대파(일반),1100.0,1168.0,1600.0,특,9.7,0.0
1841,20180416,대파(일반),1427.0,1100.0,1600.0,특,9.7,0.0
1845,20180417,대파(일반),1351.0,1427.0,2143.0,특,11.2,0.0
1849,20180418,대파(일반),1369.0,1351.0,2122.0,특,9.4,0.0
1853,20180419,대파(일반),1500.0,1369.0,2389.0,특,10.8,0.0
1857,20180420,대파(일반),1500.0,1500.0,1635.0,특,14.3,0.0
1861,20180421,대파(일반),1500.0,1500.0,1860.0,특,16.4,0.0
1865,20180422,대파(일반),1300.0,1500.0,2000.0,특,18.6,23.5
1869,20180423,대파(일반),1200.0,1300.0,1986.0,특,15.9,49.0
1873,20180424,대파(일반),1428.0,1200.0,1919.0,특,13.3,18.5
1877,20180425,대파(일반),1421.0,1428.0,1999.0,특,13.2,0.5
1881,20180426,대파(일반),1544.0,1421.0,2033.0,특,12.4,0.0
1885,20180427,대파(일반),1548.0,1544.0,2049.0,특,13.1,0.0
1889,20180428,대파(일반),1502.0,1548.0,1713.0,특,14.3,0.0
1893,20180429,대파(일반),2509.6,1502.0,1800.0,특,15.0,0.0
1897,20180430,대파(일반),1928.0,0.0,1670.0,특,19.0,0.0
1901,20180501,대파(일반),1865.0,1928.0,1946.0,특,19.0,0.0
1905,20180502,대파(일반),1576.0,1865.0,2340.0,특,15.6,0.3
1909,20180503,대파(일반),1671.0,1576.0,1579.0,특,13.7,0.1
1913,20180504,대파(일반),1748.0,1671.0,1906.0,특,14.0,0.0
1917,20180505,대파(일반),1761.0,1748.0,1674.0,특,18.5,0.0
1921,20180506,대파(일반),1703.0,1761.0,1516.0,특,16.6,38.0
1925,20180507,대파(일반),1800.0,1703.0,1431.0,특,17.0,28.0
1929,20180508,대파(일반),2300.0,1800.0,2000.0,특,16.5,0.5
1933,20180509,대파(일반),3955.0,2300.0,2052.0,특,13.7,1.0
1937,20180510,대파(일반),3504.0,3955.0,2149.0,특,14.1,0.0
1941,20180511,대파(일반),1897.0,3504.0,2248.0,특,16.5,0.0
1945,20180512,대파(일반),1579.0,1897.0,1881.0,특,18.6,18.0
1949,20180513,대파(일반),1500.0,1579.0,1900.0,특,14.4,0.5
1953,20180514,대파(일반),1600.0,1500.0,1900.0,특,18.4,0.0
1957,20180515,대파(일반),1603.0,1600.0,1900.0,특,21.3,0.0
1961,20180516,대파(일반),1695.0,1603.0,1809.0,특,22.1,0.5
1965,20180517,대파(일반),1700.0,1695.0,1776.0,특,21.5,2.0
1969,20180518,대파(일반),1447.0,1700.0,1800.0,특,18.6,1.0
1973,20180519,대파(일반),1500.0,1447.0,1682.0,특,16.1,1.0
1977,20180520,대파(일반),1500.0,1500.0,1467.0,특,16.0,0.0
1981,20180521,대파(일반),1908.0,1500.0,1467.0,특,17.2,0.0
1985,20180522,대파(일반),2052.0,1908.0,1748.0,특,18.3,7.5
1989,20180523,대파(일반),2173.0,2052.0,1798.0,특,16.5,6.5
1993,20180524,대파(일반),2167.0,2173.0,2114.0,특,16.8,0.0
1997,20180525,대파(일반),2299.0,2167.0,1996.0,특,19.0,0.0
2001,20180526,대파(일반),2303.0,2299.0,2300.0,특,19.4,0.0
2005,20180527,대파(일반),2265.0,2303.0,1824.0,특,19.3,0.0
2009,20180528,대파(일반),1800.0,2265.0,1824.0,특,19.8,0.1
2013,20180529,대파(일반),1717.0,1800.0,2205.0,특,21.4,0.0
2017,20180530,대파(일반),1671.0,1717.0,1797.0,특,20.3,0.0
2021,20180531,대파(일반),1764.0,1671.0,1617.0,특,17.5,0.0
2025,20180601,대파(일반),1989.0,1764.0,1733.0,특,19.3,0.0
2029,20180602,대파(일반),2000.0,1989.0,1630.0,특,21.7,0.0
2033,20180603,대파(일반),1600.0,2000.0,1752.0,특,20.6,0.0
2037,20180604,대파(일반),2200.0,1600.0,1749.0,특,20.6,0.0
2041,20180605,대파(일반),1884.0,2200.0,1874.0,특,20.1,1.5
2045,20180606,대파(일반),1960.0,1884.0,1496.0,특,20.6,0.0
2049,20180607,대파(일반),2000.0,1960.0,1844.0,특,19.9,0.0
2053,20180608,대파(일반),1906.0,2000.0,1861.0,특,20.5,0.0
2057,20180609,대파(일반),1944.0,1906.0,1496.0,특,21.3,0.1
2061,20180610,대파(일반),2000.0,1944.0,1394.0,특,20.5,2.0
2065,20180611,대파(일반),2200.0,2000.0,1394.0,특,20.0,6.5
2069,20180612,대파(일반),2102.0,2200.0,1761.0,특,19.8,0.0
2073,20180613,대파(일반),1756.0,2102.0,1770.0,특,20.3,0.0
2077,20180614,대파(일반),1634.0,1756.0,1497.0,특,21.4,0.0
2081,20180615,대파(일반),1571.0,1634.0,1510.0,특,20.9,0.0
2085,20180616,대파(일반),1644.0,1571.0,1685.0,특,19.4,0.0
2089,20180617,대파(일반),1648.0,1644.0,1800.0,특,20.3,0.0
2093,20180618,대파(일반),1800.0,1648.0,1800.0,특,21.6,0.0
2097,20180619,대파(일반),1714.0,1800.0,1729.0,특,21.1,14.0
2101,20180620,대파(일반),1577.0,1714.0,1592.0,특,21.1,0.0
2105,20180621,대파(일반),1582.0,1577.0,1257.0,특,21.6,0.0
2109,20180622,대파(일반),1733.0,1582.0,1319.0,특,23.0,0.0
2113,20180623,대파(일반),1917.0,1733.0,1346.0,특,22.0,0.0
2117,20180624,대파(일반),1957.0,1917.0,1627.0,특,22.8,0.0
2121,20180625,대파(일반),1800.0,1957.0,1627.0,특,23.6,0.0
2125,20180626,대파(일반),1783.0,1800.0,1281.0,특,24.6,0.5
2129,20180627,대파(일반),1883.0,1783.0,1400.0,특,24.2,67.5
2133,20180628,대파(일반),1922.0,1883.0,1179.0,특,23.6,61.0
2137,20180629,대파(일반),1813.0,1922.0,1355.0,특,23.8,0.0
2141,20180630,대파(일반),1878.0,1813.0,1262.0,특,23.0,49.5
2145,20180701,대파(일반),1800.0,1878.0,1496.0,특,25.4,35.5
2149,20180702,대파(일반),2000.0,1800.0,0.0,특,26.1,6.0
2153,20180703,대파(일반),2152.0,2000.0,1400.0,특,26.0,0.1
2157,20180704,대파(일반),2140.0,2152.0,1311.0,특,25.2,0.0
2161,20180705,대파(일반),1950.0,2140.0,1427.0,특,24.9,3.0
2165,20180706,대파(일반),1954.0,1950.0,1400.0,특,23.7,8.0
2169,20180707,대파(일반),2000.0,1954.0,1416.0,특,22.6,0.0
2173,20180708,대파(일반),2509.6,2000.0,1400.0,특,22.6,0.0
2177,20180709,대파(일반),1800.0,0.0,0.0,특,24.4,0.0
2181,20180710,대파(일반),2006.0,1800.0,1798.0,특,26.1,0.0
2185,20180711,대파(일반),2127.0,2006.0,1848.0,특,27.5,0.0
2189,20180712,대파(일반),2089.0,2127.0,1693.0,특,27.2,0.0
2193,20180713,대파(일반),2089.0,2089.0,1872.0,특,27.3,0.0
2197,20180714,대파(일반),2105.0,2089.0,1795.0,특,26.7,0.0
2201,20180715,대파(일반),2509.6,2105.0,1566.0,특,26.4,0.0
2205,20180716,대파(일반),1943.0,0.0,1566.0,특,27.0,0.0
2209,20180717,대파(일반),1940.0,1943.0,2100.0,특,27.1,0.0
2213,20180718,대파(일반),1859.0,1940.0,2194.0,특,26.7,0.0
2217,20180719,대파(일반),1803.0,1859.0,2055.0,특,26.5,0.0
2221,20180720,대파(일반),1894.0,1803.0,1542.0,특,27.5,0.0
2225,20180721,대파(일반),1934.0,1894.0,1684.0,특,29.0,0.0
2229,20180722,대파(일반),2509.6,1934.0,1549.0,특,28.9,0.0
2233,20180723,대파(일반),2200.0,0.0,0.0,특,28.7,0.0
2237,20180724,대파(일반),2134.0,2200.0,2039.0,특,28.3,0.0
2241,20180725,대파(일반),2010.0,2134.0,1899.0,특,28.5,0.0
2245,20180726,대파(일반),1921.0,2010.0,2115.0,특,27.8,0.0
2249,20180727,대파(일반),2102.0,1921.0,1800.0,특,28.6,0.0
2253,20180728,대파(일반),2200.0,2102.0,2300.0,특,28.5,0.0
2257,20180729,대파(일반),2509.6,2200.0,0.0,특,28.7,0.0
2261,20180730,대파(일반),2600.0,0.0,1900.0,특,27.7,0.0
2265,20180731,대파(일반),2600.0,2600.0,2300.0,특,28.2,0.0
2269,20180801,대파(일반),2300.0,2600.0,1826.0,특,28.7,0.0
2273,20180802,대파(일반),2389.0,2300.0,2200.0,특,29.5,0.0
2277,20180803,대파(일반),2365.0,2389.0,2200.0,특,28.7,0.5
2281,20180804,대파(일반),2244.0,2365.0,2700.0,특,28.8,0.0
2285,20180805,대파(일반),2509.6,2244.0,2276.0,특,28.4,0.0
2289,20180806,대파(일반),2000.0,0.0,2276.0,특,28.6,0.0
2293,20180807,대파(일반),2003.0,2000.0,2276.0,특,28.2,0.0
2297,20180808,대파(일반),1960.0,2003.0,2306.0,특,28.7,0.0
2301,20180809,대파(일반),1858.0,1960.0,2155.0,특,28.6,0.0
2305,20180810,대파(일반),2063.0,1858.0,2000.0,특,27.9,4.0
2309,20180811,대파(일반),2361.0,2063.0,2141.0,특,28.0,1.5
2313,20180812,대파(일반),2509.6,2361.0,2934.0,특,28.8,0.0
2317,20180813,대파(일반),2600.0,0.0,2934.0,특,29.5,0.0
2321,20180814,대파(일반),2626.0,2600.0,2373.0,특,28.5,0.0
2325,20180815,대파(일반),2491.0,2626.0,2558.0,특,29.1,0.0
2329,20180816,대파(일반),2454.0,2491.0,2284.0,특,28.8,0.1
2333,20180817,대파(일반),2408.0,2454.0,2600.0,특,26.7,1.0
2337,20180818,대파(일반),2392.0,2408.0,2650.0,특,25.4,0.0
2341,20180819,대파(일반),2509.6,2392.0,2600.0,특,26.3,0.0
2345,20180820,대파(일반),2700.0,0.0,0.0,특,27.5,0.0
2349,20180821,대파(일반),3236.0,2700.0,2770.0,특,27.5,0.0
2353,20180822,대파(일반),3300.0,3236.0,2709.0,특,29.4,0.3
2357,20180823,대파(일반),3415.0,3300.0,2327.0,특,25.7,305.0
2361,20180824,대파(일반),4090.0,3415.0,2634.0,특,25.5,1.0
2365,20180825,대파(일반),4551.0,4090.0,2977.0,특,24.3,0.3
2369,20180826,대파(일반),2509.6,4551.0,2578.0,특,26.2,8.0
2373,20180827,대파(일반),3500.0,0.0,2578.0,특,27.1,0.5
2377,20180828,대파(일반),3875.0,3500.0,2700.0,특,27.4,0.0
2381,20180829,대파(일반),3882.0,3875.0,2731.0,특,26.9,0.5
2385,20180830,대파(일반),3916.0,3882.0,2561.0,특,27.7,0.0
2389,20180831,대파(일반),4098.0,3916.0,2300.0,특,26.3,33.0
2393,20180901,대파(일반),4108.0,4098.0,2795.0,특,24.1,4.0
2397,20180902,대파(일반),4000.0,4108.0,2500.0,특,24.4,0.0
2401,20180903,대파(일반),4000.0,4000.0,2500.0,특,26.3,3.0
2405,20180904,대파(일반),4000.0,4000.0,2900.0,특,24.0,60.5
2409,20180905,대파(일반),4000.0,4000.0,2494.0,특,23.5,0.0
2413,20180906,대파(일반),4000.0,4000.0,2259.0,특,23.5,0.2
2417,20180907,대파(일반),4000.0,4000.0,2164.0,특,21.7,19.5
2421,20180908,대파(일반),4000.0,4000.0,2050.0,특,19.3,0.0
2425,20180909,대파(일반),4000.0,4000.0,2050.0,특,20.6,0.0
2429,20180910,대파(일반),3673.0,4000.0,2050.0,특,20.9,0.0
2433,20180911,대파(일반),3600.0,3673.0,1900.0,특,20.6,0.0
2437,20180912,대파(일반),3498.0,3600.0,2860.0,특,22.5,0.0
2441,20180913,대파(일반),3352.0,3498.0,2995.0,특,22.4,24.0
2445,20180914,대파(일반),3526.0,3352.0,2932.0,특,23.5,2.5
2449,20180915,대파(일반),3564.0,3526.0,2311.0,특,23.9,0.1
2453,20180916,대파(일반),3500.0,3564.0,2201.0,특,23.6,0.0
2457,20180917,대파(일반),3692.0,3500.0,0.0,특,22.6,0.0
2461,20180918,대파(일반),3617.0,3692.0,2201.0,특,21.3,0.0
2465,20180919,대파(일반),3588.0,3617.0,2525.0,특,20.9,18.5
2469,20180920,대파(일반),3776.0,3588.0,2263.0,특,21.7,42.0
2473,20180921,대파(일반),10749.0,3776.0,2066.0,특,21.3,10.0
2477,20180922,대파(일반),4119.0,10749.0,2189.0,특,20.4,0.0
2481,20180923,대파(일반),2509.6,4119.0,2286.0,특,20.7,0.3
2485,20180924,대파(일반),2509.6,0.0,2286.0,특,18.9,0.0
2489,20180925,대파(일반),2509.6,0.0,2200.0,특,17.9,0.0
2493,20180926,대파(일반),2509.6,0.0,1916.0,특,19.6,0.5
2497,20180927,대파(일반),2200.0,0.0,1887.0,특,17.8,0.0
2501,20180928,대파(일반),3598.0,2200.0,2100.0,특,19.4,0.0
2505,20180929,대파(일반),3465.0,3598.0,1819.0,특,19.5,0.0
2509,20180930,대파(일반),3500.0,3465.0,2511.0,특,20.3,0.0
2513,20181001,대파(일반),4000.0,3500.0,0.0,특,19.4,0.1
2517,20181002,대파(일반),3943.0,4000.0,2860.0,특,17.9,0.0
2521,20181003,대파(일반),3351.0,3943.0,2550.0,특,16.0,0.0
2525,20181004,대파(일반),3251.0,3351.0,0.0,특,18.5,3.0
2529,20181005,대파(일반),3168.0,3251.0,0.0,특,18.5,112.0
2533,20181006,대파(일반),3389.0,3168.0,0.0,특,19.8,102.0
2537,20181007,대파(일반),3543.0,3389.0,1400.0,특,19.0,0.0
2541,20181008,대파(일반),3664.0,3543.0,0.0,특,17.5,0.0
2545,20181009,대파(일반),3504.0,3664.0,2331.0,특,17.3,0.0
2549,20181010,대파(일반),3121.0,3504.0,2628.0,특,16.1,0.0
2553,20181011,대파(일반),2905.0,3121.0,2829.0,특,12.7,0.1
2557,20181012,대파(일반),2713.0,2905.0,2410.0,특,13.1,0.0
2561,20181013,대파(일반),2567.0,2713.0,2410.0,특,11.7,0.0
2565,20181014,대파(일반),2509.6,2567.0,1755.0,특,13.8,0.0
2569,20181015,대파(일반),2463.0,0.0,0.0,특,15.7,0.0
2573,20181016,대파(일반),2394.0,2463.0,2000.0,특,14.5,0.2
2577,20181017,대파(일반),2671.0,2394.0,1958.0,특,14.9,0.0
2581,20181018,대파(일반),2696.0,2671.0,1921.0,특,14.4,0.0
2585,20181019,대파(일반),2421.0,2696.0,2000.0,특,12.5,0.0
2589,20181020,대파(일반),2597.0,2421.0,1918.0,특,12.0,0.0
2593,20181021,대파(일반),2509.6,2597.0,1693.0,특,12.1,0.0
2597,20181022,대파(일반),2591.0,0.0,0.0,특,12.7,0.1
2601,20181023,대파(일반),2584.0,2591.0,1812.0,특,13.9,0.2
2605,20181024,대파(일반),2585.0,2584.0,2218.0,특,13.6,0.0
2609,20181025,대파(일반),2767.0,2585.0,2000.0,특,14.8,0.0
2613,20181026,대파(일반),2702.0,2767.0,1822.0,특,16.5,5.0
2617,20181027,대파(일반),2435.0,2702.0,1757.0,특,14.0,0.0
2621,20181028,대파(일반),2509.6,2435.0,1800.0,특,14.9,0.0
2625,20181029,대파(일반),2472.0,0.0,0.0,특,13.7,0.0
2629,20181030,대파(일반),3902.0,2472.0,1867.0,특,10.5,0.0
2633,20181031,대파(일반),3775.0,3902.0,1920.0,특,10.1,0.0
2637,20181101,대파(일반),2435.0,3775.0,1768.0,특,9.9,0.0
2641,20181102,대파(일반),2489.0,2435.0,2000.0,특,11.0,0.0
2645,20181103,대파(일반),2562.0,2489.0,1914.0,특,9.5,0.0
2649,20181104,대파(일반),2509.6,2562.0,1879.0,특,9.5,0.0
2653,20181105,대파(일반),2733.0,0.0,0.0,특,12.0,0.0
2657,20181106,대파(일반),2666.0,2733.0,1695.0,특,12.3,0.0
2661,20181107,대파(일반),2549.0,2666.0,1965.0,특,14.5,2.0
2665,20181108,대파(일반),2478.0,2549.0,2083.0,특,16.8,21.5
2669,20181109,대파(일반),2769.0,2478.0,1901.0,특,12.4,0.1
2673,20181110,대파(일반),2870.0,2769.0,1756.0,특,10.1,0.0
2677,20181111,대파(일반),2509.6,2870.0,1985.0,특,10.8,2.9
2681,20181112,대파(일반),2907.0,0.0,0.0,특,11.6,1.5
2685,20181113,대파(일반),2711.0,2907.0,1870.0,특,11.4,0.0
2689,20181114,대파(일반),2464.0,2711.0,1868.0,특,9.6,0.0
2693,20181115,대파(일반),2508.0,2464.0,2011.0,특,10.6,0.0
2697,20181116,대파(일반),2569.0,2508.0,2053.0,특,11.7,8.5
2701,20181117,대파(일반),2404.0,2569.0,1888.0,특,10.0,0.0
2705,20181118,대파(일반),2509.6,2404.0,1951.0,특,8.5,0.0
2709,20181119,대파(일반),2462.0,0.0,0.0,특,7.5,0.0
2713,20181120,대파(일반),2449.0,2462.0,2034.0,특,7.5,0.0
2717,20181121,대파(일반),2423.0,2449.0,2924.0,특,8.8,0.0
2721,20181122,대파(일반),2394.0,2423.0,2705.0,특,6.7,0.0
2725,20181123,대파(일반),2419.0,2394.0,1852.0,특,5.9,0.0
2729,20181124,대파(일반),2459.0,2419.0,2058.0,특,10.6,2.5
2733,20181125,대파(일반),2509.6,2459.0,2226.0,특,7.5,0.0
2737,20181126,대파(일반),2275.0,0.0,0.0,특,7.9,0.0
2741,20181127,대파(일반),2405.0,2275.0,2214.0,특,8.1,0.0
2745,20181128,대파(일반),2350.0,2405.0,2141.0,특,7.5,0.0
2749,20181129,대파(일반),2347.0,2350.0,2101.0,특,8.0,0.0
2753,20181130,대파(일반),2423.0,2347.0,2024.0,특,7.0,0.0
2757,20181201,대파(일반),2657.0,2423.0,2139.0,특,8.4,0.0
2761,20181202,대파(일반),2509.6,2657.0,2363.0,특,13.6,7.5
2765,20181203,대파(일반),2858.0,0.0,0.0,특,15.9,3.0
2769,20181204,대파(일반),2776.0,2858.0,2008.0,특,11.0,13.0
2773,20181205,대파(일반),2541.0,2776.0,2070.0,특,5.8,0.0
2777,20181206,대파(일반),2479.0,2541.0,2403.0,특,6.0,6.5
2781,20181207,대파(일반),2423.0,2479.0,2396.0,특,0.5,0.3
2785,20181208,대파(일반),2299.0,2423.0,2365.0,특,-1.7,0.5
2789,20181209,대파(일반),2509.6,2299.0,2386.0,특,-1.1,0.0
2793,20181210,대파(일반),2634.0,0.0,0.0,특,1.7,0.0
2797,20181211,대파(일반),2558.0,2634.0,2555.0,특,3.3,2.0
2801,20181212,대파(일반),2522.0,2558.0,2542.0,특,3.8,0.0
2805,20181213,대파(일반),2556.0,2522.0,2488.0,특,5.1,0.0
2809,20181214,대파(일반),2556.0,2556.0,2481.0,특,2.4,0.0
2813,20181215,대파(일반),2556.0,2556.0,2369.0,특,1.2,0.0
2817,20181216,대파(일반),2200.0,2556.0,2415.0,특,3.1,1.0
2821,20181217,대파(일반),2945.0,2200.0,0.0,특,7.3,0.0
2825,20181218,대파(일반),2584.0,2945.0,2553.0,특,4.0,0.0
2829,20181219,대파(일반),2344.0,2584.0,2540.0,특,7.2,0.0
2833,20181220,대파(일반),2377.0,2344.0,2434.0,특,10.0,0.0
2837,20181221,대파(일반),2428.0,2377.0,2395.0,특,8.3,0.0
2841,20181222,대파(일반),2300.0,2428.0,2281.0,특,8.1,1.0
2845,20181223,대파(일반),2509.6,2300.0,2161.0,특,7.0,3.0
2849,20181224,대파(일반),2639.0,0.0,0.0,특,3.2,0.0
2853,20181225,대파(일반),2539.0,2639.0,2300.0,특,3.5,0.0
2857,20181226,대파(일반),2250.0,2539.0,2289.0,특,4.4,0.1
2861,20181227,대파(일반),2230.0,2250.0,2283.0,특,-0.8,0.0
2865,20181228,대파(일반),2109.0,2230.0,2167.0,특,-1.4,0.2
2869,20181229,대파(일반),2036.0,2109.0,2261.0,특,-1.3,0.5
2873,20181230,대파(일반),2509.6,2036.0,2523.0,특,-0.7,0.0
2877,20181231,대파(일반),2856.0,0.0,0.0,특,0.6,0.0
2881,20190101,대파(일반),2509.6,2856.0,0.0,특,2.7,0.0
2886,20190103,대파(일반),2778.0,0.0,0.0,특,1.9,0.0
2890,20190104,대파(일반),2772.0,2778.0,2516.0,특,2.2,0.0
2894,20190105,대파(일반),2387.0,2772.0,2462.0,특,3.3,0.0
2898,20190106,대파(일반),2509.6,2387.0,2406.0,특,2.1,0.0
2902,20190107,대파(일반),2309.0,0.0,2187.0,특,2.5,0.0
2906,20190108,대파(일반),2160.0,2309.0,2425.0,특,3.4,0.0
2910,20190109,대파(일반),1965.0,2160.0,2438.0,특,0.4,0.0
2914,20190110,대파(일반),1897.0,1965.0,2461.0,특,3.0,0.0
2918,20190111,대파(일반),1858.0,1897.0,2504.0,특,4.7,0.5
2922,20190112,대파(일반),1904.0,1858.0,2492.0,특,4.6,1.5
2926,20190113,대파(일반),2509.6,1904.0,2495.0,특,5.1,0.0
2930,20190114,대파(일반),1800.0,0.0,2619.0,특,2.8,0.0
2934,20190115,대파(일반),1897.0,1800.0,2522.0,특,2.9,0.0
2938,20190116,대파(일반),2005.0,1897.0,2464.0,특,0.5,0.0
2942,20190117,대파(일반),2116.0,2005.0,2529.0,특,3.9,0.0
2946,20190118,대파(일반),2023.0,2116.0,2526.0,특,1.8,0.0
2950,20190119,대파(일반),1804.0,2023.0,2333.0,특,2.1,0.5
2954,20190120,대파(일반),2509.6,1804.0,2265.0,특,3.7,0.1
2958,20190121,대파(일반),2118.0,0.0,0.0,특,4.5,0.0
2962,20190122,대파(일반),1905.0,2118.0,2500.0,특,4.9,0.0
2966,20190123,대파(일반),2107.0,1905.0,2500.0,특,4.6,0.0
2970,20190124,대파(일반),2258.0,2107.0,2543.0,특,3.0,0.0
2974,20190125,대파(일반),3099.0,2258.0,2609.0,특,1.3,0.0
2978,20190126,대파(일반),3077.0,3099.0,2482.0,특,1.7,0.0
2982,20190127,대파(일반),2200.0,3077.0,2503.0,특,2.3,0.0
2986,20190128,대파(일반),2011.0,2200.0,2800.0,특,5.7,0.0
2990,20190129,대파(일반),2075.0,2011.0,2765.0,특,1.5,0.0
2994,20190130,대파(일반),2099.0,2075.0,2941.0,특,4.4,0.0
2998,20190131,대파(일반),2162.0,2099.0,3369.0,특,1.4,14.0
3002,20190201,대파(일반),2211.0,2162.0,3676.0,특,1.8,0.0
3006,20190202,대파(일반),1890.0,2211.0,3744.0,특,5.9,0.0
3010,20190203,대파(일반),2509.6,1890.0,3716.0,특,9.9,5.5
3014,20190204,대파(일반),2509.6,0.0,3371.0,특,3.6,0.0
3018,20190205,대파(일반),2509.6,0.0,3500.0,특,4.3,0.0
3022,20190206,대파(일반),2509.6,0.0,3568.0,특,7.3,0.0
3026,20190207,대파(일반),1890.0,0.0,3620.0,특,2.2,0.5
3030,20190208,대파(일반),1500.0,1890.0,3560.0,특,-0.5,0.0
3034,20190209,대파(일반),1770.0,1500.0,3581.0,특,0.3,0.0
3038,20190210,대파(일반),2509.6,1770.0,3551.0,특,-0.3,0.0
3042,20190211,대파(일반),1918.0,0.0,3600.0,특,1.2,0.0
3046,20190212,대파(일반),1981.0,1918.0,3600.0,특,2.5,0.0
3050,20190213,대파(일반),1994.0,1981.0,3415.0,특,2.6,0.0
3054,20190214,대파(일반),1756.0,1994.0,3145.0,특,0.7,0.0
3058,20190215,대파(일반),1782.0,1756.0,2645.0,특,2.7,0.0
3062,20190216,대파(일반),1705.0,1782.0,0.0,특,1.5,0.0
3066,20190217,대파(일반),2509.6,1705.0,0.0,특,2.2,0.0
3070,20190218,대파(일반),2000.0,0.0,2200.0,특,3.0,1.0
3074,20190219,대파(일반),2200.0,2000.0,1800.0,특,4.2,23.5
3078,20190220,대파(일반),2200.0,2200.0,3187.0,특,4.1,0.0
3082,20190221,대파(일반),1846.0,2200.0,3195.0,특,4.1,0.0
3086,20190222,대파(일반),1779.0,1846.0,1983.0,특,4.7,0.0
3090,20190223,대파(일반),1597.0,1779.0,2171.0,특,6.6,0.0
3094,20190224,대파(일반),2509.6,1597.0,2152.0,특,6.2,0.0
3098,20190225,대파(일반),1600.0,0.0,1949.0,특,5.1,0.0
3102,20190226,대파(일반),1662.0,1600.0,2300.0,특,5.8,0.0
3106,20190227,대파(일반),1850.0,1662.0,2431.0,특,6.7,2.5
3110,20190228,대파(일반),1865.0,1850.0,2449.0,특,6.7,0.0
3114,20190301,대파(일반),1865.0,1865.0,2435.0,특,6.5,0.0
3118,20190302,대파(일반),2200.0,1865.0,2571.0,특,9.4,0.0
3122,20190303,대파(일반),2509.6,2200.0,2588.0,특,9.1,1.0
3126,20190304,대파(일반),1724.0,0.0,2426.0,특,7.5,0.0
3130,20190305,대파(일반),1757.0,1724.0,8305.0,특,6.9,0.5
3134,20190306,대파(일반),1759.0,1757.0,5064.0,특,8.9,4.0
3138,20190307,대파(일반),1598.0,1759.0,2249.0,특,6.2,0.0
3142,20190308,대파(일반),1618.0,1598.0,2200.0,특,5.2,0.0
3146,20190309,대파(일반),1609.0,1618.0,3696.0,특,8.0,2.0
3150,20190310,대파(일반),1421.0,1609.0,4611.0,특,8.3,18.5
3154,20190311,대파(일반),1572.0,1421.0,2400.0,특,6.4,1.5
3158,20190312,대파(일반),1611.0,1572.0,2200.0,특,6.9,0.0
3162,20190313,대파(일반),1546.0,1611.0,2200.0,특,6.1,0.0
3166,20190314,대파(일반),1446.0,1546.0,2210.0,특,6.4,0.0
3170,20190315,대파(일반),1428.0,1446.0,2096.0,특,8.2,0.0
3174,20190316,대파(일반),1565.0,1428.0,2060.0,특,6.7,0.0
3178,20190317,대파(일반),2509.6,1565.0,2069.0,특,7.1,0.0
3182,20190318,대파(일반),1359.0,0.0,2139.0,특,6.8,0.0
3186,20190319,대파(일반),5950.0,1359.0,1934.0,특,7.9,0.0
3190,20190320,대파(일반),1616.0,5950.0,2175.0,특,12.4,15.0
3194,20190321,대파(일반),1459.0,1616.0,6379.0,특,8.1,0.0
3198,20190322,대파(일반),1209.0,1459.0,5231.0,특,5.2,0.0
3202,20190323,대파(일반),1113.0,1209.0,2517.0,특,6.2,0.0
3206,20190324,대파(일반),2509.6,1113.0,2334.0,특,4.4,0.0
3210,20190325,대파(일반),1113.0,0.0,2243.0,특,6.8,0.0
3214,20190326,대파(일반),1113.0,1113.0,2083.0,특,10.4,0.0
3218,20190327,대파(일반),1113.0,1113.0,2061.0,특,13.4,0.0
3222,20190328,대파(일반),1237.0,1113.0,3463.0,특,10.3,0.0
3226,20190329,대파(일반),1387.0,1237.0,2910.0,특,9.8,0.0
3230,20190330,대파(일반),1203.0,1387.0,1494.0,특,8.2,0.5
3234,20190331,대파(일반),2509.6,1203.0,1494.0,특,6.9,0.0
3238,20190401,대파(일반),1192.0,0.0,1494.0,특,8.7,0.0
3242,20190402,대파(일반),1202.0,1192.0,1494.0,특,7.7,0.0
3246,20190403,대파(일반),1309.0,1202.0,2070.0,특,6.4,0.0
3250,20190404,대파(일반),1400.0,1309.0,1997.0,특,7.9,0.0
3254,20190405,대파(일반),1393.0,1400.0,1489.0,특,10.6,0.0
3258,20190406,대파(일반),1393.0,1393.0,1280.0,특,11.1,0.0
3262,20190407,대파(일반),1300.0,1393.0,1466.0,특,12.3,11.5
3266,20190408,대파(일반),1300.0,1300.0,1500.0,특,11.3,0.0
3270,20190409,대파(일반),1870.0,1300.0,1700.0,특,11.1,15.5
3274,20190410,대파(일반),1405.0,1870.0,1690.0,특,8.3,2.0
3278,20190411,대파(일반),1428.0,1405.0,1519.0,특,9.4,0.0
3282,20190412,대파(일반),1464.0,1428.0,1302.0,특,9.3,0.0
3286,20190413,대파(일반),1456.0,1464.0,1236.0,특,11.1,0.0
3290,20190414,대파(일반),2509.6,1456.0,1168.0,특,10.8,0.0
3294,20190415,대파(일반),1300.0,0.0,1100.0,특,10.0,0.0
3298,20190416,대파(일반),1300.0,1300.0,1427.0,특,13.7,0.0
3302,20190417,대파(일반),1300.0,1300.0,1351.0,특,13.8,3.5
3306,20190418,대파(일반),1286.0,1300.0,1369.0,특,14.3,0.0
3310,20190419,대파(일반),1288.0,1286.0,1500.0,특,15.1,0.0
3314,20190420,대파(일반),1288.0,1288.0,1500.0,특,14.8,0.0
3318,20190421,대파(일반),2509.6,1288.0,1500.0,특,15.7,0.0
3322,20190422,대파(일반),1302.0,0.0,1300.0,특,17.7,0.0
3326,20190423,대파(일반),1419.0,1302.0,1200.0,특,16.9,7.0
3330,20190424,대파(일반),1472.0,1419.0,1428.0,특,15.9,0.0
3334,20190425,대파(일반),1353.0,1472.0,1421.0,특,14.0,0.5
3338,20190426,대파(일반),1307.0,1353.0,1544.0,특,10.3,1.0
3342,20190427,대파(일반),1303.0,1307.0,1548.0,특,11.9,0.0
3346,20190428,대파(일반),2509.6,1303.0,1502.0,특,12.2,0.3
3350,20190429,대파(일반),1300.0,0.0,0.0,특,12.7,24.0
3354,20190430,대파(일반),1777.0,1300.0,1928.0,특,13.5,0.5
3358,20190501,대파(일반),1806.0,1777.0,1865.0,특,12.3,0.0
3362,20190502,대파(일반),1700.0,1806.0,1576.0,특,13.2,0.0
3366,20190503,대파(일반),1667.0,1700.0,1671.0,특,14.9,0.0
3370,20190504,대파(일반),1682.0,1667.0,1748.0,특,15.8,0.0
3374,20190505,대파(일반),2509.6,1682.0,1761.0,특,16.9,0.0
3378,20190506,대파(일반),1631.0,0.0,1703.0,특,13.0,0.0
3382,20190507,대파(일반),1604.0,1631.0,1800.0,특,12.0,0.0
3386,20190508,대파(일반),1500.0,1604.0,2300.0,특,13.9,0.0
3390,20190509,대파(일반),1437.0,1500.0,3955.0,특,15.0,0.0
3394,20190510,대파(일반),1503.0,1437.0,3504.0,특,16.0,0.0
3398,20190511,대파(일반),1592.0,1503.0,1897.0,특,15.0,0.0
3402,20190512,대파(일반),2509.6,1592.0,1579.0,특,18.3,0.0
3406,20190513,대파(일반),1557.0,0.0,1500.0,특,18.8,0.0
3410,20190514,대파(일반),1695.0,1557.0,1600.0,특,20.1,0.0
3414,20190515,대파(일반),1751.0,1695.0,1603.0,특,20.3,0.0
3418,20190516,대파(일반),1785.0,1751.0,1695.0,특,20.9,0.0
3422,20190517,대파(일반),1800.0,1785.0,1700.0,특,19.6,12.0
3426,20190518,대파(일반),2005.0,1800.0,1447.0,특,19.5,52.0
3430,20190519,대파(일반),2509.6,2005.0,1500.0,특,19.7,4.5
3434,20190520,대파(일반),2500.0,0.0,1500.0,특,15.2,1.5
3438,20190521,대파(일반),2500.0,2500.0,1908.0,특,15.3,0.0
3442,20190522,대파(일반),2400.0,2500.0,2052.0,특,17.6,0.0
3446,20190523,대파(일반),2416.0,2400.0,2173.0,특,19.5,0.0
3450,20190524,대파(일반),2426.0,2416.0,2167.0,특,21.4,0.0
3454,20190525,대파(일반),2400.0,2426.0,2299.0,특,20.7,0.0
3458,20190526,대파(일반),2509.6,2400.0,2303.0,특,21.0,3.0
3462,20190527,대파(일반),2219.0,0.0,2265.0,특,18.2,102.5
3466,20190528,대파(일반),2396.0,2219.0,1800.0,특,14.8,0.0
3474,20190530,대파(일반),2487.0,2426.0,1671.0,특,19.3,0.0
3478,20190531,대파(일반),2479.0,2487.0,1764.0,특,16.1,3.0
3482,20190601,대파(일반),2423.0,2479.0,1989.0,특,18.0,0.0
3486,20190602,대파(일반),2509.6,2423.0,2000.0,특,18.6,0.0
3490,20190603,대파(일반),2290.0,0.0,1600.0,특,20.0,0.0
3494,20190604,대파(일반),2265.0,2290.0,2200.0,특,20.4,0.0
3498,20190605,대파(일반),2232.0,2265.0,1884.0,특,21.0,0.0
3502,20190606,대파(일반),2202.0,2232.0,1960.0,특,20.8,89.9
3506,20190607,대파(일반),2117.0,2202.0,2000.0,특,18.6,2.0
3510,20190608,대파(일반),2200.0,2117.0,1906.0,특,19.9,0.0
3514,20190609,대파(일반),2509.6,2200.0,1944.0,특,19.1,0.0
3518,20190610,대파(일반),2264.0,0.0,2000.0,특,19.5,0.0
3522,20190611,대파(일반),2350.0,2264.0,2200.0,특,19.0,0.0
3526,20190612,대파(일반),2335.0,2350.0,2102.0,특,18.5,0.0
3530,20190613,대파(일반),1854.0,2335.0,1756.0,특,19.3,0.0
3534,20190614,대파(일반),1764.0,1854.0,1634.0,특,18.4,14.0
3538,20190615,대파(일반),1782.0,1764.0,1571.0,특,18.9,0.0
3542,20190616,대파(일반),2509.6,1782.0,1644.0,특,19.0,0.0
3546,20190617,대파(일반),2098.0,0.0,1648.0,특,20.3,0.0
3550,20190618,대파(일반),1983.0,2098.0,1800.0,특,21.0,0.0
3554,20190619,대파(일반),1983.0,1983.0,1714.0,특,21.0,0.0
3558,20190620,대파(일반),1937.0,1983.0,1577.0,특,21.8,0.0
3562,20190621,대파(일반),1846.0,1937.0,1582.0,특,21.5,0.0
3566,20190622,대파(일반),1803.0,1846.0,1733.0,특,21.4,0.0
3570,20190623,대파(일반),2509.6,1803.0,1917.0,특,20.6,0.0
3574,20190624,대파(일반),1973.0,0.0,1957.0,특,21.6,0.0
3578,20190625,대파(일반),1852.0,1973.0,1800.0,특,22.0,0.0
3582,20190626,대파(일반),1731.0,1852.0,1783.0,특,21.7,28.0
3586,20190627,대파(일반),1757.0,1731.0,1883.0,특,22.6,2.5
3590,20190628,대파(일반),1843.0,1757.0,1922.0,특,22.7,0.0
3594,20190629,대파(일반),1818.0,1843.0,1813.0,특,22.3,104.0
3598,20190630,대파(일반),2509.6,1818.0,1878.0,특,22.3,0.1
3602,20190701,대파(일반),1947.0,0.0,1800.0,특,21.7,1.8
3606,20190702,대파(일반),2047.0,1947.0,2000.0,특,22.7,0.0
3610,20190703,대파(일반),2223.0,2047.0,2152.0,특,22.2,0.0
3614,20190704,대파(일반),2183.0,2223.0,2140.0,특,22.4,0.0
3618,20190705,대파(일반),2112.0,2183.0,1950.0,특,24.0,0.0
3622,20190706,대파(일반),2134.0,2112.0,1954.0,특,23.8,0.0
3626,20190707,대파(일반),2509.6,2134.0,2000.0,특,22.2,1.5
3630,20190708,대파(일반),2583.0,0.0,0.0,특,22.1,0.5
3634,20190709,대파(일반),2271.0,2583.0,1800.0,특,22.6,0.0
3638,20190710,대파(일반),2302.0,2271.0,2006.0,특,21.3,53.0
3642,20190711,대파(일반),2384.0,2302.0,2127.0,특,21.9,0.0
3646,20190712,대파(일반),2271.0,2384.0,2089.0,특,22.5,0.0
3650,20190713,대파(일반),2157.0,2271.0,2089.0,특,22.2,2.5
3654,20190714,대파(일반),2509.6,2157.0,2105.0,특,23.6,0.0
3658,20190715,대파(일반),2585.0,0.0,0.0,특,23.2,0.0
3662,20190716,대파(일반),2455.0,2585.0,1943.0,특,23.4,0.0
3666,20190717,대파(일반),2030.0,2455.0,1940.0,특,23.6,23.5
3670,20190718,대파(일반),1859.0,2030.0,1859.0,특,23.6,13.5
3674,20190719,대파(일반),1829.0,1859.0,1803.0,특,24.5,17.5
3678,20190720,대파(일반),1645.0,1829.0,1894.0,특,23.6,110.0
3682,20190721,대파(일반),2509.6,1645.0,1934.0,특,25.1,7.5
3686,20190722,대파(일반),2200.0,0.0,0.0,특,25.6,2.1
3690,20190723,대파(일반),2099.0,2200.0,2200.0,특,25.6,0.0
3694,20190724,대파(일반),1882.0,2099.0,2134.0,특,25.6,0.1
3698,20190725,대파(일반),1780.0,1882.0,2010.0,특,26.0,0.5
3702,20190726,대파(일반),1800.0,1780.0,1921.0,특,26.1,8.0
3706,20190727,대파(일반),1800.0,1800.0,2102.0,특,26.2,1.0
3710,20190728,대파(일반),2509.6,1800.0,2200.0,특,26.8,1.5
3714,20190729,대파(일반),2585.0,0.0,0.0,특,27.1,0.0
3718,20190730,대파(일반),2479.0,2585.0,2600.0,특,28.0,0.0
3722,20190731,대파(일반),2294.0,2479.0,2600.0,특,28.0,0.0
3726,20190801,대파(일반),2736.0,2294.0,2300.0,특,27.8,0.0
3730,20190802,대파(일반),2763.0,2736.0,2389.0,특,27.6,0.0
3734,20190803,대파(일반),2490.0,2763.0,2365.0,특,27.9,0.0
3738,20190804,대파(일반),2288.0,2490.0,2244.0,특,27.5,0.0
3742,20190805,대파(일반),2337.0,2288.0,0.0,특,26.9,0.0
3746,20190806,대파(일반),2331.0,2337.0,2000.0,특,27.3,0.0
3750,20190807,대파(일반),2310.0,2331.0,2003.0,특,27.2,0.0
3754,20190808,대파(일반),2542.0,2310.0,1960.0,특,28.5,0.0
3758,20190809,대파(일반),2704.0,2542.0,1858.0,특,28.5,0.0
3762,20190810,대파(일반),2424.0,2704.0,2063.0,특,28.8,0.0
3766,20190811,대파(일반),2172.0,2424.0,2361.0,특,27.7,27.5
3770,20190812,대파(일반),2134.0,2172.0,0.0,특,27.8,41.5
3774,20190813,대파(일반),2075.0,2134.0,2600.0,특,28.8,0.0
3778,20190814,대파(일반),2037.0,2075.0,2626.0,특,27.0,1.5
3782,20190815,대파(일반),1911.0,2037.0,2491.0,특,26.0,0.5
3786,20190816,대파(일반),1987.0,1911.0,2454.0,특,25.5,0.3
3790,20190817,대파(일반),2170.0,1987.0,2408.0,특,26.2,0.0
3794,20190818,대파(일반),2509.6,2170.0,2392.0,특,25.1,0.0
3798,20190819,대파(일반),2191.0,0.0,0.0,특,24.2,0.0
3802,20190820,대파(일반),2221.0,2191.0,2700.0,특,26.2,0.0
3806,20190821,대파(일반),2215.0,2221.0,3236.0,특,26.9,2.5
3810,20190822,대파(일반),2211.0,2215.0,3300.0,특,26.2,7.5
3814,20190823,대파(일반),1904.0,2211.0,3415.0,특,24.2,0.0
3818,20190824,대파(일반),1963.0,1904.0,4090.0,특,23.4,0.0
3822,20190825,대파(일반),2509.6,1963.0,4551.0,특,22.9,0.0
3826,20190826,대파(일반),2045.0,0.0,0.0,특,23.7,0.0
3830,20190827,대파(일반),1950.0,2045.0,3500.0,특,24.0,62.5
3834,20190828,대파(일반),1843.0,1950.0,3875.0,특,23.3,1.0
3838,20190829,대파(일반),1759.0,1843.0,3882.0,특,22.0,1.0
3842,20190830,대파(일반),1896.0,1759.0,3916.0,특,22.5,0.0
3846,20190831,대파(일반),1935.0,1896.0,4098.0,특,22.2,0.0
3850,20190901,대파(일반),2509.6,1935.0,4108.0,특,21.2,4.5
3854,20190902,대파(일반),2172.0,0.0,4000.0,특,21.8,6.0
3858,20190903,대파(일반),2100.0,2172.0,4000.0,특,23.7,36.5
3862,20190904,대파(일반),2019.0,2100.0,4000.0,특,24.8,9.0
3866,20190905,대파(일반),1984.0,2019.0,4000.0,특,24.7,13.0
3870,20190906,대파(일반),2049.0,1984.0,4000.0,특,26.0,7.5
3874,20190907,대파(일반),2033.0,2049.0,4000.0,특,25.1,20.0
3878,20190908,대파(일반),2509.6,2033.0,4000.0,특,23.6,7.0
3882,20190909,대파(일반),2339.0,0.0,4000.0,특,25.0,44.5
3886,20190910,대파(일반),2375.0,2339.0,3673.0,특,25.4,0.0
3890,20190911,대파(일반),2454.0,2375.0,3600.0,특,24.3,0.1
3894,20190912,대파(일반),2684.0,2454.0,3498.0,특,24.3,0.0
3898,20190913,대파(일반),2509.6,2684.0,3352.0,특,22.6,0.0
3902,20190914,대파(일반),2684.0,0.0,3526.0,특,22.7,0.0
3906,20190915,대파(일반),2509.6,2684.0,3564.0,특,23.1,0.0
3910,20190916,대파(일반),2372.0,0.0,3500.0,특,22.8,0.0
3914,20190917,대파(일반),2270.0,2372.0,3692.0,특,22.3,0.0
3918,20190918,대파(일반),2336.0,2270.0,3617.0,특,21.2,0.0
3922,20190919,대파(일반),2128.0,2336.0,3588.0,특,19.4,0.0
3926,20190920,대파(일반),2219.0,2128.0,3776.0,특,20.4,0.0
3930,20190921,대파(일반),2217.0,2219.0,10749.0,특,18.3,53.5
3934,20190922,대파(일반),2509.6,2217.0,4119.0,특,19.3,92.5
3938,20190923,대파(일반),2977.0,0.0,0.0,특,18.8,0.0
3942,20190924,대파(일반),2698.0,2977.0,0.0,특,17.5,0.0
3946,20190925,대파(일반),2353.0,2698.0,0.0,특,18.9,0.0
3950,20190926,대파(일반),2200.0,2353.0,0.0,특,20.4,0.0
3954,20190927,대파(일반),2200.0,2200.0,2200.0,특,22.3,0.0
3958,20190928,대파(일반),2200.0,2200.0,3598.0,특,23.5,0.0
3962,20190929,대파(일반),2200.0,2200.0,3465.0,특,22.1,0.0
3966,20190930,대파(일반),2291.0,2200.0,3500.0,특,22.1,0.0
3970,20191001,대파(일반),2264.0,2291.0,4000.0,특,22.4,12.5
3974,20191002,대파(일반),2188.0,2264.0,3943.0,특,22.1,202.0
3978,20191003,대파(일반),1971.0,2188.0,3351.0,특,22.0,1.5
3982,20191004,대파(일반),2170.0,1971.0,3251.0,특,21.4,0.0
3986,20191005,대파(일반),2251.0,2170.0,3168.0,특,18.4,0.0
3990,20191006,대파(일반),2509.6,2251.0,3389.0,특,19.5,0.0
3994,20191007,대파(일반),2154.0,0.0,3543.0,특,18.9,16.0
3998,20191008,대파(일반),2158.0,2154.0,3664.0,특,18.0,0.0
4002,20191009,대파(일반),2138.0,2158.0,3504.0,특,14.7,0.0
4006,20191010,대파(일반),2133.0,2138.0,3121.0,특,15.1,0.0
4010,20191011,대파(일반),2200.0,2133.0,2905.0,특,18.3,0.0
4014,20191012,대파(일반),2200.0,2200.0,2713.0,특,17.9,0.0
4018,20191013,대파(일반),2509.6,2200.0,2567.0,특,16.5,0.0
4022,20191014,대파(일반),2060.0,0.0,0.0,특,15.5,0.0
4026,20191015,대파(일반),2200.0,2060.0,2463.0,특,14.0,0.0
4030,20191016,대파(일반),2200.0,2200.0,2394.0,특,14.7,0.0
4042,20191019,대파(일반),2016.0,1935.0,2421.0,특,18.1,0.0
4046,20191020,대파(일반),2509.6,2016.0,2597.0,특,17.0,0.0
4050,20191021,대파(일반),2119.0,0.0,0.0,특,15.6,0.0
4054,20191022,대파(일반),2092.0,2119.0,2591.0,특,16.1,0.0
4058,20191023,대파(일반),2007.0,2092.0,2584.0,특,17.5,0.0
4062,20191024,대파(일반),1927.0,2007.0,2585.0,특,17.4,0.0
4066,20191025,대파(일반),1905.0,1927.0,2767.0,특,16.9,0.0
4070,20191026,대파(일반),1872.0,1905.0,2702.0,특,14.5,0.0
4074,20191027,대파(일반),2509.6,1872.0,2435.0,특,13.0,0.0
4078,20191028,대파(일반),2196.0,0.0,0.0,특,11.8,0.0
4082,20191029,대파(일반),2202.0,2196.0,2472.0,특,15.2,0.0
4086,20191030,대파(일반),2169.0,2202.0,3902.0,특,13.3,0.0
4090,20191031,대파(일반),2296.0,2169.0,3775.0,특,12.4,0.0
4094,20191101,대파(일반),2446.0,2296.0,2435.0,특,14.1,0.0
4098,20191102,대파(일반),2240.0,2446.0,2489.0,특,14.3,0.0
4102,20191103,대파(일반),2509.6,2240.0,2562.0,특,15.2,0.0
4106,20191104,대파(일반),2238.0,0.0,0.0,특,12.9,0.5
4110,20191105,대파(일반),2168.0,2238.0,2733.0,특,12.4,0.0
4114,20191106,대파(일반),1956.0,2168.0,2666.0,특,13.0,0.0
4118,20191107,대파(일반),1748.0,1956.0,2549.0,특,13.6,0.0
4122,20191108,대파(일반),1604.0,1748.0,2478.0,특,11.5,0.0
4126,20191109,대파(일반),1624.0,1604.0,2769.0,특,11.4,0.0
4130,20191110,대파(일반),2509.6,1624.0,2870.0,특,12.2,1.0
4134,20191111,대파(일반),2200.0,0.0,0.0,특,15.0,0.0
4138,20191112,대파(일반),2051.0,2200.0,2907.0,특,12.1,0.0
4142,20191113,대파(일반),2061.0,2051.0,2711.0,특,11.8,0.4
4146,20191114,대파(일반),2045.0,2061.0,2464.0,특,7.0,0.5
4150,20191115,대파(일반),1959.0,2045.0,2508.0,특,9.0,0.0
4154,20191116,대파(일반),2146.0,1959.0,2569.0,특,12.6,0.0
4158,20191117,대파(일반),2509.6,2146.0,2404.0,특,19.4,0.1
4162,20191118,대파(일반),2149.0,0.0,0.0,특,11.1,9.0
4166,20191119,대파(일반),2019.0,2149.0,2462.0,특,8.8,0.0
4170,20191120,대파(일반),1966.0,2019.0,2449.0,특,6.3,0.0
4174,20191121,대파(일반),1924.0,1966.0,2423.0,특,8.7,0.0
4178,20191122,대파(일반),1974.0,1924.0,2394.0,특,13.2,0.0
4182,20191123,대파(일반),2081.0,1974.0,2419.0,특,14.9,0.4
4186,20191124,대파(일반),2509.6,2081.0,2459.0,특,15.0,1.5
4190,20191125,대파(일반),2207.0,0.0,0.0,특,7.1,0.0
4194,20191126,대파(일반),2115.0,2207.0,2275.0,특,8.8,0.0
4198,20191127,대파(일반),2205.0,2115.0,2405.0,특,9.2,0.4
4202,20191128,대파(일반),2318.0,2205.0,2350.0,특,7.5,0.0
4206,20191129,대파(일반),2500.0,2318.0,2347.0,특,6.3,0.0
4210,20191130,대파(일반),2500.0,2500.0,2423.0,특,6.7,0.1
4214,20191201,대파(일반),2509.6,2500.0,2657.0,특,7.7,18.0
4222,20191203,대파(일반),2438.0,2399.0,2858.0,특,5.8,0.0
4226,20191204,대파(일반),2426.0,2438.0,2776.0,특,4.9,0.0
4230,20191205,대파(일반),2230.0,2426.0,2541.0,특,3.6,0.1
4234,20191206,대파(일반),2048.0,2230.0,2479.0,특,0.2,0.0
4238,20191207,대파(일반),1968.0,2048.0,2423.0,특,3.4,0.0
4242,20191208,대파(일반),2509.6,1968.0,2299.0,특,4.6,0.0
4246,20191209,대파(일반),2682.0,0.0,0.0,특,5.1,0.0
4250,20191210,대파(일반),2232.0,2682.0,2634.0,특,8.4,0.0
4254,20191211,대파(일반),2086.0,2232.0,2558.0,특,8.6,0.0
4258,20191212,대파(일반),2178.0,2086.0,2522.0,특,5.0,0.0
4262,20191213,대파(일반),2013.0,2178.0,2556.0,특,3.0,0.0
4266,20191214,대파(일반),1878.0,2013.0,2556.0,특,6.0,0.0
4270,20191215,대파(일반),2509.6,1878.0,2556.0,특,6.7,0.0
4274,20191216,대파(일반),2343.0,0.0,2200.0,특,12.7,0.0
4278,20191217,대파(일반),2149.0,2343.0,2945.0,특,11.7,2.0
4282,20191218,대파(일반),2015.0,2149.0,2584.0,특,6.4,0.0
4286,20191219,대파(일반),1929.0,2015.0,2344.0,특,5.1,0.0
4290,20191220,대파(일반),1961.0,1929.0,2377.0,특,3.7,0.0
4294,20191221,대파(일반),2040.0,1961.0,2428.0,특,1.9,0.0
4298,20191222,대파(일반),2509.6,2040.0,2300.0,특,5.4,0.0
4302,20191223,대파(일반),2434.0,0.0,0.0,특,5.8,0.5
4306,20191224,대파(일반),2117.0,2434.0,2639.0,특,4.6,0.0
4310,20191225,대파(일반),1850.0,2117.0,2539.0,특,5.0,0.0
4314,20191226,대파(일반),1839.0,1850.0,2250.0,특,6.1,1.0
4318,20191227,대파(일반),1773.0,1839.0,2230.0,특,3.9,0.0
4322,20191228,대파(일반),1957.0,1773.0,2109.0,특,1.6,0.0
4326,20191229,대파(일반),2509.6,1957.0,2036.0,특,7.1,9.5
4330,20191230,대파(일반),2396.0,0.0,0.0,특,7.6,0.0
4334,20191231,대파(일반),2282.0,2396.0,2856.0,특,-0.3,0.0
4338,20200101,대파(일반),2509.6,2282.0,0.0,특,0.6,0.0
4342,20200102,대파(일반),2282.0,0.0,0.0,특,2.7,0.0
4346,20200103,대파(일반),2282.0,2282.0,2778.0,특,5.4,0.0
4350,20200104,대파(일반),1961.0,2282.0,2772.0,특,3.0,0.0
4354,20200105,대파(일반),2509.6,1961.0,2387.0,특,4.2,0.0
4358,20200106,대파(일반),2155.0,0.0,0.0,특,10.3,13.5
4362,20200107,대파(일반),3008.0,2155.0,2309.0,특,15.9,13.5
4366,20200108,대파(일반),2311.0,3008.0,2160.0,특,5.8,0.5
4370,20200109,대파(일반),2500.0,2311.0,1965.0,특,4.8,0.0
4374,20200110,대파(일반),2500.0,2500.0,1897.0,특,3.8,0.0
4378,20200111,대파(일반),1806.0,2500.0,1858.0,특,5.0,0.0
4382,20200112,대파(일반),2509.6,1806.0,1904.0,특,4.9,0.0
4386,20200113,대파(일반),1837.0,0.0,0.0,특,3.8,0.0
4390,20200114,대파(일반),1891.0,1837.0,1800.0,특,2.3,0.0
4394,20200115,대파(일반),2349.0,1891.0,1897.0,특,1.3,0.0
4398,20200116,대파(일반),1949.0,2349.0,2005.0,특,2.9,0.0
4402,20200117,대파(일반),1950.0,1949.0,2116.0,특,3.6,0.0
4406,20200118,대파(일반),1951.0,1950.0,2023.0,특,4.3,0.0
4410,20200119,대파(일반),2509.6,1951.0,1804.0,특,5.0,0.0
4414,20200120,대파(일반),1605.0,0.0,0.0,특,5.7,0.0
4418,20200121,대파(일반),1534.0,1605.0,2118.0,특,3.7,0.0
4422,20200122,대파(일반),1660.0,1534.0,1905.0,특,6.3,12.5
4426,20200123,대파(일반),1664.0,1660.0,2107.0,특,7.1,0.5
4430,20200124,대파(일반),1563.0,1664.0,2258.0,특,6.3,0.0
4434,20200125,대파(일반),2509.6,1563.0,3099.0,특,6.7,0.0
4438,20200126,대파(일반),2509.6,0.0,3077.0,특,7.4,1.5
4442,20200127,대파(일반),2509.6,0.0,2200.0,특,6.3,27.0
4446,20200128,대파(일반),1720.0,0.0,2011.0,특,6.2,0.0
4450,20200129,대파(일반),1616.0,1720.0,2075.0,특,6.6,0.0
4454,20200130,대파(일반),1545.0,1616.0,2099.0,특,6.3,0.0
4458,20200131,대파(일반),1532.0,1545.0,2162.0,특,4.9,0.0
4462,20200201,대파(일반),1406.0,1532.0,2211.0,특,4.9,0.0
4466,20200202,대파(일반),2509.6,1406.0,1890.0,특,4.1,0.0
4470,20200203,대파(일반),1733.0,0.0,0.0,특,2.7,0.0
4474,20200204,대파(일반),1809.0,1733.0,0.0,특,1.3,0.0
4478,20200205,대파(일반),1825.0,1809.0,0.0,특,-0.3,0.5
4482,20200206,대파(일반),1800.0,1825.0,0.0,특,-1.6,0.0
4486,20200207,대파(일반),1735.0,1800.0,1890.0,특,1.5,0.0
4490,20200208,대파(일반),1563.0,1735.0,1500.0,특,3.9,0.0
4494,20200209,대파(일반),2509.6,1563.0,1770.0,특,3.3,0.0
4498,20200210,대파(일반),1430.0,0.0,0.0,특,6.5,0.0
4502,20200211,대파(일반),1418.0,1430.0,1918.0,특,6.5,0.5
4506,20200212,대파(일반),1332.0,1418.0,1981.0,특,11.0,9.0
4510,20200213,대파(일반),1314.0,1332.0,1994.0,특,7.8,0.0
4514,20200214,대파(일반),1259.0,1314.0,1756.0,특,8.9,0.0
4518,20200215,대파(일반),1341.0,1259.0,1782.0,특,10.8,3.1
4522,20200216,대파(일반),2509.6,1341.0,1705.0,특,2.2,5.0
4526,20200217,대파(일반),1430.0,0.0,0.0,특,-0.2,2.2
4530,20200218,대파(일반),1407.0,1430.0,2000.0,특,2.2,0.0
4534,20200219,대파(일반),1618.0,1407.0,2200.0,특,4.0,0.0
4538,20200220,대파(일반),1729.0,1618.0,2200.0,특,6.0,0.0
4542,20200221,대파(일반),1647.0,1729.0,1846.0,특,8.1,3.9
4546,20200222,대파(일반),1436.0,1647.0,1779.0,특,7.9,0.0
4550,20200223,대파(일반),2509.6,1436.0,1597.0,특,4.3,0.0
4554,20200224,대파(일반),1276.0,0.0,0.0,특,8.6,0.0
4558,20200225,대파(일반),1355.0,1276.0,1600.0,특,12.9,1.4
4562,20200226,대파(일반),1384.0,1355.0,1662.0,특,8.0,0.1
4566,20200227,대파(일반),1442.0,1384.0,1850.0,특,6.6,0.0
4570,20200228,대파(일반),1427.0,1442.0,1865.0,특,8.1,1.8
4574,20200229,대파(일반),2157.0,1427.0,1865.0,특,8.0,0.0
4578,20200301,대파(일반),2509.6,2157.0,2200.0,특,7.1,0.0
4582,20200302,대파(일반),1376.0,0.0,0.0,특,5.4,0.0
4586,20200303,대파(일반),1417.0,1376.0,1724.0,특,6.9,0.0
4590,20200304,대파(일반),1364.0,1417.0,1757.0,특,5.3,0.0
4594,20200305,대파(일반),1252.0,1364.0,1759.0,특,3.4,0.0
4598,20200306,대파(일반),1277.0,1252.0,1598.0,특,5.0,0.0
4602,20200307,대파(일반),1230.0,1277.0,1618.0,특,6.5,0.5
4606,20200308,대파(일반),2509.6,1230.0,1609.0,특,7.2,0.0
4610,20200309,대파(일반),1229.0,0.0,1421.0,특,9.5,10.0
4614,20200310,대파(일반),1219.0,1229.0,1572.0,특,6.9,6.2
4618,20200311,대파(일반),1284.0,1219.0,1611.0,특,5.2,0.0
4622,20200312,대파(일반),1318.0,1284.0,1546.0,특,5.2,0.0
4626,20200313,대파(일반),1221.0,1318.0,1446.0,특,6.2,0.0
4630,20200314,대파(일반),1239.0,1221.0,1428.0,특,6.5,0.0
4634,20200315,대파(일반),2509.6,1239.0,1565.0,특,7.8,0.2
4638,20200316,대파(일반),1223.0,0.0,0.0,특,4.6,0.0
4642,20200317,대파(일반),1202.0,1223.0,1359.0,특,9.3,0.0
4646,20200318,대파(일반),1157.0,1202.0,5950.0,특,11.1,0.0
4650,20200319,대파(일반),1231.0,1157.0,1616.0,특,10.7,0.0
4654,20200320,대파(일반),1446.0,1231.0,1459.0,특,9.7,0.0
4658,20200321,대파(일반),1522.0,1446.0,1209.0,특,15.0,0.0
4662,20200322,대파(일반),2509.6,1522.0,1113.0,특,11.5,0.0
4666,20200323,대파(일반),1130.0,0.0,0.0,특,9.3,0.0
4670,20200324,대파(일반),1311.0,1130.0,1113.0,특,9.0,0.0
4674,20200325,대파(일반),1385.0,1311.0,1113.0,특,12.4,0.0
4678,20200326,대파(일반),1194.0,1385.0,1113.0,특,15.5,9.2
4682,20200327,대파(일반),1261.0,1194.0,1237.0,특,9.2,0.6
4686,20200328,대파(일반),1699.0,1261.0,1387.0,특,7.3,0.0
4690,20200329,대파(일반),2509.6,1699.0,1203.0,특,8.9,0.0
4694,20200330,대파(일반),1234.0,0.0,0.0,특,10.2,0.0
4698,20200331,대파(일반),1187.0,1234.0,1192.0,특,10.2,0.0
4702,20200401,대파(일반),1152.0,1187.0,1202.0,특,9.7,0.2
4706,20200402,대파(일반),1116.0,1152.0,1309.0,특,9.8,0.0
4710,20200403,대파(일반),1104.0,1116.0,1400.0,특,9.7,0.0
4714,20200404,대파(일반),1086.0,1104.0,1393.0,특,8.0,0.0
4718,20200405,대파(일반),2509.6,1086.0,1393.0,특,7.4,0.0
4722,20200406,대파(일반),1119.0,0.0,1300.0,특,8.3,0.0
4726,20200407,대파(일반),1101.0,1119.0,1300.0,특,10.5,0.0
4730,20200408,대파(일반),1111.0,1101.0,1870.0,특,10.2,0.0
4734,20200409,대파(일반),1178.0,1111.0,1405.0,특,9.4,0.0
4738,20200410,대파(일반),1334.0,1178.0,1428.0,특,10.4,0.0
4742,20200411,대파(일반),1318.0,1334.0,1464.0,특,7.7,12.1
4746,20200412,대파(일반),2509.6,1318.0,1456.0,특,8.9,0.9
4750,20200413,대파(일반),1284.0,0.0,0.0,특,8.7,0.0
4754,20200414,대파(일반),1254.0,1284.0,1300.0,특,9.5,0.0
4758,20200415,대파(일반),1168.0,1254.0,1300.0,특,9.2,0.0
4762,20200416,대파(일반),1202.0,1168.0,1300.0,특,11.6,0.0
4766,20200417,대파(일반),1290.0,1202.0,1286.0,특,13.3,24.7
4770,20200418,대파(일반),1275.0,1290.0,1288.0,특,10.6,0.0
4774,20200419,대파(일반),2509.6,1275.0,1288.0,특,11.6,23.6
4778,20200420,대파(일반),1274.0,0.0,0.0,특,11.7,0.0
4782,20200421,대파(일반),1308.0,1274.0,1302.0,특,10.0,0.0
4786,20200422,대파(일반),1311.0,1308.0,1419.0,특,9.3,0.0
4790,20200423,대파(일반),1418.0,1311.0,1472.0,특,9.5,0.0
4794,20200424,대파(일반),1559.0,1418.0,1353.0,특,10.4,0.0
4798,20200425,대파(일반),1588.0,1559.0,1307.0,특,14.6,0.0
4802,20200426,대파(일반),2509.6,1588.0,1303.0,특,12.2,0.0
4806,20200427,대파(일반),1524.0,0.0,0.0,특,11.1,0.0
4810,20200428,대파(일반),1472.0,1524.0,1300.0,특,11.2,0.0
4814,20200429,대파(일반),1357.0,1472.0,1777.0,특,13.0,0.0
4818,20200430,대파(일반),1367.0,1357.0,1806.0,특,17.9,0.0
4822,20200501,대파(일반),1358.0,1367.0,1700.0,특,20.0,0.0
4826,20200502,대파(일반),1363.0,1358.0,1667.0,특,19.1,1.2
4830,20200503,대파(일반),2509.6,1363.0,1682.0,특,17.4,80.2
4834,20200504,대파(일반),1480.0,0.0,0.0,특,16.6,0.0
4838,20200505,대파(일반),1672.0,1480.0,1631.0,특,15.3,0.0
4842,20200506,대파(일반),2100.0,1672.0,1604.0,특,18.1,0.0
4846,20200507,대파(일반),2150.0,2100.0,1500.0,특,16.9,0.0
4850,20200508,대파(일반),2150.0,2150.0,1437.0,특,17.9,3.7
4854,20200509,대파(일반),1685.0,2150.0,1503.0,특,16.5,83.5
4858,20200510,대파(일반),2509.6,1685.0,1592.0,특,14.1,0.2
4862,20200511,대파(일반),1516.0,0.0,0.0,특,16.0,0.0
4866,20200512,대파(일반),1412.0,1516.0,1557.0,특,15.4,0.0
4870,20200513,대파(일반),1578.0,1412.0,1695.0,특,14.6,0.0
4874,20200514,대파(일반),2140.0,1578.0,1751.0,특,17.6,0.0
4878,20200515,대파(일반),2140.0,2140.0,1785.0,특,18.3,24.8
4882,20200516,대파(일반),1931.0,2140.0,1800.0,특,16.2,1.7
4886,20200517,대파(일반),2509.6,1931.0,2005.0,특,16.7,0.0
4890,20200518,대파(일반),1795.0,0.0,0.0,특,17.9,2.0
4894,20200519,대파(일반),1816.0,1795.0,2500.0,특,14.2,0.0
4898,20200520,대파(일반),1762.0,1816.0,2500.0,특,14.4,0.0
4902,20200521,대파(일반),1772.0,1762.0,2400.0,특,15.8,0.0
4906,20200522,대파(일반),1762.0,1772.0,2416.0,특,17.1,0.0
4910,20200523,대파(일반),1668.0,1762.0,2426.0,특,17.8,0.0
4914,20200524,대파(일반),2509.6,1668.0,2400.0,특,18.4,0.0
4918,20200525,대파(일반),1900.0,0.0,0.0,특,16.0,0.0
4922,20200526,대파(일반),1868.0,1900.0,2219.0,특,17.1,0.0
4926,20200527,대파(일반),1952.0,1868.0,2396.0,특,17.2,0.0
4930,20200528,대파(일반),1992.0,1952.0,2426.0,특,16.9,0.0
4934,20200529,대파(일반),1769.0,1992.0,2487.0,특,18.8,0.0
4938,20200530,대파(일반),1672.0,1769.0,2479.0,특,19.4,0.1
4942,20200531,대파(일반),2509.6,1672.0,2423.0,특,18.2,15.5
4946,20200601,대파(일반),2044.0,0.0,0.0,특,18.5,0.0
4950,20200602,대파(일반),1992.0,2044.0,2290.0,특,18.1,0.0
4954,20200603,대파(일반),1855.0,1992.0,2265.0,특,20.7,0.0
4958,20200604,대파(일반),1865.0,1855.0,2232.0,특,21.9,0.0
4962,20200605,대파(일반),1974.0,1865.0,2202.0,특,21.7,0.0
4966,20200606,대파(일반),1930.0,1974.0,2117.0,특,21.3,0.0
4970,20200607,대파(일반),2509.6,1930.0,2200.0,특,21.2,0.0
4974,20200608,대파(일반),1980.0,0.0,0.0,특,22.5,0.0
4978,20200609,대파(일반),1865.0,1980.0,2264.0,특,24.0,0.0
4982,20200610,대파(일반),1617.0,1865.0,2350.0,특,23.6,7.1
4986,20200611,대파(일반),1608.0,1617.0,2335.0,특,23.4,0.9
4990,20200612,대파(일반),1977.0,1608.0,1854.0,특,22.7,32.6
4994,20200613,대파(일반),2080.0,1977.0,1764.0,특,23.4,21.4
4998,20200614,대파(일반),2509.6,2080.0,1782.0,특,22.2,14.8
5002,20200615,대파(일반),2528.0,0.0,0.0,특,21.6,0.0
5006,20200616,대파(일반),2300.0,2528.0,2098.0,특,22.4,0.0
5010,20200617,대파(일반),2300.0,2300.0,1983.0,특,20.3,12.3
5014,20200618,대파(일반),2203.0,2300.0,1983.0,특,18.7,119.6
5018,20200619,대파(일반),2171.0,2203.0,1937.0,특,21.2,4.0
5022,20200620,대파(일반),2198.0,2171.0,1846.0,특,21.7,0.0
5026,20200621,대파(일반),2509.6,2198.0,1803.0,특,22.0,0.0
5030,20200622,대파(일반),2430.0,0.0,0.0,특,22.0,0.0
5034,20200623,대파(일반),2252.0,2430.0,1973.0,특,23.6,0.0
5038,20200624,대파(일반),2237.0,2252.0,1852.0,특,23.5,50.1
5042,20200625,대파(일반),2258.0,2237.0,1731.0,특,22.3,0.1
5046,20200626,대파(일반),2211.0,2258.0,1757.0,특,22.7,0.0
5050,20200627,대파(일반),2164.0,2211.0,1843.0,특,23.2,0.0
5054,20200628,대파(일반),2509.6,2164.0,1818.0,특,22.6,0.0
5058,20200629,대파(일반),1790.0,0.0,0.0,특,21.9,60.9
5062,20200630,대파(일반),1937.0,1790.0,1947.0,특,20.3,0.5
5066,20200701,대파(일반),2043.0,1937.0,2047.0,특,0.0,0.0
5074,20200703,대파(일반),2149.0,2140.0,2183.0,특,0.0,27.6
5078,20200704,대파(일반),1823.0,2149.0,2112.0,특,19.6,0.7
5082,20200705,대파(일반),2509.6,1823.0,2134.0,특,21.4,0.0
5086,20200706,대파(일반),2181.0,0.0,0.0,특,22.1,0.0
5090,20200707,대파(일반),2226.0,2181.0,2583.0,특,23.1,0.0
5094,20200708,대파(일반),2185.0,2226.0,2271.0,특,22.4,0.0
5098,20200709,대파(일반),2179.0,2185.0,2302.0,특,23.6,7.0
5102,20200710,대파(일반),2264.0,2179.0,2384.0,특,23.4,24.8
5106,20200711,대파(일반),2203.0,2264.0,2271.0,특,23.0,0.0
5110,20200712,대파(일반),2509.6,2203.0,2157.0,특,21.9,30.4
5114,20200713,대파(일반),2608.0,0.0,0.0,특,23.0,75.7
5118,20200714,대파(일반),2438.0,2608.0,2585.0,특,19.9,0.0
5122,20200715,대파(일반),2106.0,2438.0,2455.0,특,20.6,0.3
5126,20200716,대파(일반),2276.0,2106.0,2030.0,특,21.2,0.0
5130,20200717,대파(일반),2361.0,2276.0,1859.0,특,21.7,0.0
5134,20200718,대파(일반),2217.0,2361.0,1829.0,특,21.9,17.1
5138,20200719,대파(일반),2509.6,2217.0,1645.0,특,25.6,0.0
5142,20200720,대파(일반),2895.0,0.0,0.0,특,24.2,13.2
5146,20200721,대파(일반),2398.0,2895.0,2200.0,특,22.6,8.1
5150,20200722,대파(일반),2178.0,2398.0,2099.0,특,22.5,9.3
5154,20200723,대파(일반),2094.0,2178.0,1882.0,특,23.8,51.7
5158,20200724,대파(일반),2715.0,2094.0,1780.0,특,20.7,0.7
5162,20200725,대파(일반),2509.6,2715.0,1800.0,특,21.5,0.0
5166,20200726,대파(일반),2509.6,0.0,1800.0,특,21.3,0.0
5170,20200727,대파(일반),3142.0,0.0,0.0,특,22.7,19.3
5174,20200728,대파(일반),2635.0,3142.0,2585.0,특,25.0,32.0
5178,20200729,대파(일반),2143.0,2635.0,2479.0,특,26.4,1.6
5182,20200730,대파(일반),2054.0,2143.0,2294.0,특,26.9,0.7
5186,20200731,대파(일반),2454.0,2054.0,2736.0,특,26.9,0.0
5190,20200801,대파(일반),2781.0,2454.0,2763.0,특,26.8,0.0
5194,20200802,대파(일반),2509.6,2781.0,2490.0,특,27.8,0.0
5198,20200803,대파(일반),3500.0,0.0,2288.0,특,27.5,0.0
5202,20200804,대파(일반),3475.0,3500.0,2337.0,특,28.0,0.0
5206,20200805,대파(일반),2845.0,3475.0,2331.0,특,28.0,5.3
5210,20200806,대파(일반),3055.0,2845.0,2310.0,특,27.1,1.7
5214,20200807,대파(일반),3219.0,3055.0,2542.0,특,26.5,34.7
5218,20200808,대파(일반),3777.0,3219.0,2704.0,특,27.1,1.7
5222,20200809,대파(일반),2509.6,3777.0,2424.0,특,27.7,0.0
5226,20200810,대파(일반),3901.0,0.0,2172.0,특,27.9,0.2
5230,20200811,대파(일반),3889.0,3901.0,2134.0,특,27.9,1.0
5234,20200812,대파(일반),3824.0,3889.0,2075.0,특,28.5,0.4
5238,20200813,대파(일반),3717.0,3824.0,2037.0,특,27.9,0.0
5242,20200814,대파(일반),3726.0,3717.0,1911.0,특,28.6,0.0
5246,20200815,대파(일반),3316.0,3726.0,1987.0,특,28.6,0.0
5250,20200816,대파(일반),2509.6,3316.0,2170.0,특,28.3,0.0
5254,20200817,대파(일반),3592.0,0.0,0.0,특,27.7,0.0
5258,20200818,대파(일반),3951.0,3592.0,2191.0,특,26.7,0.0
5262,20200819,대파(일반),3566.0,3951.0,2221.0,특,26.4,0.0
5266,20200820,대파(일반),3302.0,3566.0,2215.0,특,25.8,0.0
5270,20200821,대파(일반),2979.0,3302.0,2211.0,특,26.2,0.0
5274,20200822,대파(일반),2658.0,2979.0,1904.0,특,25.9,0.1
5278,20200823,대파(일반),2509.6,2658.0,1963.0,특,26.4,0.0
5282,20200824,대파(일반),2793.0,0.0,0.0,특,27.8,0.0
5286,20200825,대파(일반),2865.0,2793.0,2045.0,특,29.2,0.0
5290,20200826,대파(일반),3012.0,2865.0,1950.0,특,27.4,51.1
5294,20200827,대파(일반),2979.0,3012.0,1843.0,특,27.0,0.0
5298,20200828,대파(일반),3132.0,2979.0,1759.0,특,27.7,0.0
5302,20200829,대파(일반),3159.0,3132.0,1896.0,특,26.6,4.1
5306,20200830,대파(일반),2509.6,3159.0,1935.0,특,26.9,0.0
5310,20200831,대파(일반),3513.0,0.0,0.0,특,27.6,0.0
5314,20200901,대파(일반),2866.0,3513.0,2172.0,특,26.7,0.0
5318,20200902,대파(일반),2474.0,2866.0,2100.0,특,25.0,98.2
5322,20200903,대파(일반),2536.0,2474.0,2019.0,특,23.0,10.7
5326,20200904,대파(일반),3175.0,2536.0,1984.0,특,22.9,0.0
5330,20200905,대파(일반),4796.0,3175.0,2049.0,특,21.2,0.0
5334,20200906,대파(일반),2509.6,4796.0,2033.0,특,21.2,20.1
5338,20200907,대파(일반),4082.0,0.0,0.0,특,21.7,144.8
5342,20200908,대파(일반),4046.0,4082.0,2339.0,특,25.1,0.0
5346,20200909,대파(일반),3659.0,4046.0,2375.0,특,23.5,4.7
5350,20200910,대파(일반),3486.0,3659.0,2454.0,특,23.3,0.0
5354,20200911,대파(일반),3009.0,3486.0,2684.0,특,21.9,2.4
5358,20200912,대파(일반),2882.0,3009.0,0.0,특,21.8,10.2
5362,20200913,대파(일반),2509.6,2882.0,2684.0,특,21.9,1.9
5366,20200914,대파(일반),3115.0,0.0,0.0,특,22.0,0.0
5370,20200915,대파(일반),3500.0,3115.0,2372.0,특,22.5,0.0
5374,20200916,대파(일반),3465.0,3500.0,2270.0,특,22.7,6.8
5378,20200917,대파(일반),2767.0,3465.0,2336.0,특,20.8,5.0
5382,20200918,대파(일반),2720.0,2767.0,2128.0,특,19.3,3.7
5386,20200919,대파(일반),2708.0,2720.0,2219.0,특,19.2,0.0
5390,20200920,대파(일반),2509.6,2708.0,2217.0,특,18.9,0.0
5394,20200921,대파(일반),2595.0,0.0,0.0,특,18.4,0.0
5398,20200922,대파(일반),2656.0,2595.0,2977.0,특,18.8,0.0
5402,20200923,대파(일반),2713.0,2656.0,2698.0,특,19.9,0.0
5406,20200924,대파(일반),2807.0,2713.0,2353.0,특,20.5,0.6
5410,20200925,대파(일반),3120.0,2807.0,2200.0,특,20.8,0.0
5414,20200926,대파(일반),3178.0,3120.0,2200.0,특,20.4,0.0
5418,20200927,대파(일반),2509.6,3178.0,2200.0,특,19.8,0.0
5422,20200928,대파(일반),3220.0,0.0,2200.0,특,19.0,0.0
5426,20200929,대파(일반),3492.0,3220.0,2291.0,특,19.4,0.0
5430,20200930,대파(일반),3524.0,3492.0,2264.0,특,19.7,0.0
5434,20201001,대파(일반),2509.6,3524.0,2188.0,특,18.5,0.0
5438,20201002,대파(일반),2509.6,0.0,1971.0,특,19.8,0.0
5442,20201003,대파(일반),2509.6,0.0,2170.0,특,21.0,0.3
5446,20201004,대파(일반),2509.6,0.0,2251.0,특,19.4,0.2
5450,20201005,대파(일반),3417.0,0.0,0.0,특,17.0,0.0
5454,20201006,대파(일반),3282.0,3417.0,2154.0,특,16.6,0.0
5458,20201007,대파(일반),3206.0,3282.0,2158.0,특,16.9,0.0
5462,20201008,대파(일반),3310.0,3206.0,2138.0,특,17.1,0.0
5466,20201009,대파(일반),3346.0,3310.0,2133.0,특,15.1,0.0
5470,20201010,대파(일반),3299.0,3346.0,2200.0,특,16.2,0.0
5474,20201011,대파(일반),2509.6,3299.0,2200.0,특,18.2,0.0
5478,20201012,대파(일반),3203.0,0.0,0.0,특,18.3,0.0
5482,20201013,대파(일반),3092.0,3203.0,2060.0,특,16.3,0.0
5486,20201014,대파(일반),2958.0,3092.0,2200.0,특,16.8,0.0
5490,20201015,대파(일반),2836.0,2958.0,2200.0,특,15.3,0.0
5494,20201016,대파(일반),3059.0,2836.0,2200.0,특,13.4,0.0
5498,20201017,대파(일반),3275.0,3059.0,1935.0,특,13.7,0.0
5502,20201018,대파(일반),2509.6,3275.0,2016.0,특,15.4,0.0
5506,20201019,대파(일반),3443.0,0.0,0.0,특,14.8,0.0
5510,20201020,대파(일반),3261.0,3443.0,2119.0,특,13.8,0.0
5514,20201021,대파(일반),3106.0,3261.0,2092.0,특,14.3,24.4
5518,20201022,대파(일반),3254.0,3106.0,2007.0,특,14.7,0.0
5522,20201023,대파(일반),3359.0,3254.0,1927.0,특,13.5,0.0
5526,20201024,대파(일반),3341.0,3359.0,1905.0,특,13.0,0.0
5530,20201025,대파(일반),2509.6,3341.0,1872.0,특,14.4,0.0
5534,20201026,대파(일반),3656.0,0.0,0.0,특,12.3,0.0
5538,20201027,대파(일반),4170.0,3656.0,2196.0,특,13.5,0.0
5542,20201028,대파(일반),3940.0,4170.0,2202.0,특,15.5,0.0
5546,20201029,대파(일반),6298.0,3940.0,2169.0,특,13.7,0.0
5550,20201030,대파(일반),3282.0,6298.0,2296.0,특,12.1,0.0
5554,20201031,대파(일반),3151.0,3282.0,2446.0,특,13.5,0.0
5558,20201101,대파(일반),2509.6,3151.0,2240.0,특,15.1,1.8
5562,20201102,대파(일반),3364.0,0.0,0.0,특,12.8,0.3
5566,20201103,대파(일반),3325.0,3364.0,2238.0,특,10.6,1.0
5570,20201104,대파(일반),3308.0,3325.0,2168.0,특,9.1,0.0
5574,20201105,대파(일반),3453.0,3308.0,1956.0,특,10.9,0.0
5578,20201106,대파(일반),3410.0,3453.0,1748.0,특,14.4,0.0
5582,20201107,대파(일반),3174.0,3410.0,1604.0,특,13.7,0.0
5586,20201108,대파(일반),2509.6,3174.0,1624.0,특,12.1,0.0
5590,20201109,대파(일반),3425.0,0.0,0.0,특,9.1,0.0
5594,20201110,대파(일반),3356.0,3425.0,2200.0,특,10.1,0.0
5598,20201111,대파(일반),3256.0,3356.0,2051.0,특,9.7,0.0
5602,20201112,대파(일반),3202.0,3256.0,2061.0,특,9.1,0.0
5606,20201113,대파(일반),3224.0,3202.0,2045.0,특,10.8,0.0
5610,20201114,대파(일반),3249.0,3224.0,1959.0,특,12.4,0.0
5614,20201115,대파(일반),2509.6,3249.0,2146.0,특,12.3,0.0
5618,20201116,대파(일반),3756.0,0.0,0.0,특,14.3,0.0
5622,20201117,대파(일반),3639.0,3756.0,2149.0,특,19.5,0.0
5626,20201118,대파(일반),3446.0,3639.0,2019.0,특,21.2,0.3
5630,20201119,대파(일반),3410.0,3446.0,1966.0,특,18.2,10.3
5634,20201120,대파(일반),3310.0,3410.0,1924.0,특,10.4,0.0
5638,20201121,대파(일반),3191.0,3310.0,1974.0,특,10.7,0.0
5642,20201122,대파(일반),2509.6,3191.0,2081.0,특,10.8,3.0
5646,20201123,대파(일반),3681.0,0.0,0.0,특,8.0,0.0
5650,20201124,대파(일반),3554.0,3681.0,2207.0,특,8.4,0.0
5654,20201125,대파(일반),3372.0,3554.0,2115.0,특,9.8,0.0
5658,20201126,대파(일반),3033.0,3372.0,2205.0,특,10.3,0.0
5662,20201127,대파(일반),3051.0,3033.0,2318.0,특,9.3,0.0
5666,20201128,대파(일반),3228.0,3051.0,2500.0,특,6.6,0.0
5670,20201129,대파(일반),2509.6,3228.0,2500.0,특,6.8,0.6
5674,20201130,대파(일반),2943.0,0.0,0.0,특,6.3,0.0
5678,20201201,대파(일반),2840.0,2943.0,2399.0,특,5.1,0.0
5682,20201202,대파(일반),3132.0,2840.0,2438.0,특,6.2,0.0
5686,20201203,대파(일반),3255.0,3132.0,2426.0,특,5.8,0.0
5690,20201204,대파(일반),2899.0,3255.0,2230.0,특,4.3,0.0
5694,20201205,대파(일반),2842.0,2899.0,2048.0,특,3.9,0.0
5698,20201206,대파(일반),2509.6,2842.0,1968.0,특,3.7,0.0
5702,20201207,대파(일반),3163.0,0.0,0.0,특,5.7,0.0
5706,20201208,대파(일반),3317.0,3163.0,2682.0,특,4.2,0.0
5710,20201209,대파(일반),2974.0,3317.0,2232.0,특,3.3,0.0
5714,20201210,대파(일반),2678.0,2974.0,2086.0,특,6.0,0.0
5718,20201211,대파(일반),2660.0,2678.0,2178.0,특,7.2,0.0
5722,20201212,대파(일반),2664.0,2660.0,2013.0,특,6.4,0.0
5726,20201213,대파(일반),2509.6,2664.0,1878.0,특,4.9,0.0
5730,20201214,대파(일반),2720.0,0.0,0.0,특,-1.0,3.8
5734,20201215,대파(일반),2795.0,2720.0,2343.0,특,-2.4,0.0
5738,20201216,대파(일반),2834.0,2795.0,2149.0,특,-1.5,0.1
5742,20201217,대파(일반),2710.0,2834.0,2015.0,특,0.9,0.0
5746,20201218,대파(일반),2164.0,2710.0,1929.0,특,3.3,0.0
5750,20201219,대파(일반),2040.0,2164.0,1961.0,특,0.8,0.0
5754,20201220,대파(일반),2509.6,2040.0,2040.0,특,1.6,0.1
5758,20201221,대파(일반),2953.0,0.0,0.0,특,2.5,0.0
5762,20201222,대파(일반),2751.0,2953.0,2434.0,특,3.5,0.0
5766,20201223,대파(일반),2379.0,2751.0,2117.0,특,4.6,0.0
5770,20201224,대파(일반),2539.0,2379.0,1850.0,특,6.7,0.0
5774,20201225,대파(일반),2584.0,2539.0,1839.0,특,4.0,0.0
5778,20201226,대파(일반),2465.0,2584.0,1773.0,특,3.2,0.0
5782,20201227,대파(일반),2509.6,2465.0,1957.0,특,7.8,9.0
5786,20201228,대파(일반),2350.0,0.0,0.0,특,5.8,0.0
5790,20201229,대파(일반),2268.0,2350.0,2396.0,특,4.8,6.9
5794,20201230,대파(일반),2468.0,2268.0,2282.0,특,-2.0,1.2
5798,20201231,대파(일반),2495.0,2468.0,0.0,특,-0.9,0.7
5802,20210101,대파(일반),2509.6,2495.0,2282.0,특,1.9,2.1
5806,20210102,대파(일반),2509.6,0.0,2282.0,특,1.8,0.1
5810,20210103,대파(일반),2509.6,0.0,1961.0,특,0.0,0.0
5814,20210104,대파(일반),3378.0,0.0,0.0,특,1.1,0.0
5818,20210105,대파(일반),3246.0,3378.0,2155.0,특,1.7,0.1
5822,20210106,대파(일반),3140.0,3246.0,3008.0,특,0.0,0.6
5826,20210107,대파(일반),3413.0,3140.0,2311.0,특,-5.7,2.7
5830,20210108,대파(일반),3420.0,3413.0,2500.0,특,-8.2,4.1
5834,20210109,대파(일반),3379.0,3420.0,2500.0,특,-5.4,1.2
5838,20210110,대파(일반),2509.6,3379.0,1806.0,특,-1.2,0.7
5842,20210111,대파(일반),3350.0,0.0,0.0,특,-0.6,0.0
5846,20210112,대파(일반),3362.0,3350.0,1837.0,특,2.2,0.3
5850,20210113,대파(일반),3448.0,3362.0,1891.0,특,5.0,0.0
5854,20210114,대파(일반),3588.0,3448.0,2349.0,특,6.9,0.0
5858,20210115,대파(일반),4140.0,3588.0,1949.0,특,11.5,0.0
5862,20210116,대파(일반),4143.0,4140.0,1950.0,특,1.8,0.0
5866,20210117,대파(일반),2509.6,4143.0,1951.0,특,-0.2,0.7
5870,20210118,대파(일반),4440.0,0.0,0.0,특,3.8,1.2
5874,20210119,대파(일반),4570.0,4440.0,1605.0,특,-1.0,0.0
5878,20210120,대파(일반),4102.0,4570.0,1534.0,특,5.1,0.0
5882,20210121,대파(일반),3736.0,4102.0,1660.0,특,9.5,2.6
5886,20210122,대파(일반),3674.0,3736.0,1664.0,특,8.7,1.3
5890,20210123,대파(일반),3579.0,3674.0,1563.0,특,8.4,17.1
5894,20210124,대파(일반),2509.6,3579.0,0.0,특,8.3,0.0
5898,20210125,대파(일반),5620.0,0.0,0.0,특,7.1,0.0
5902,20210126,대파(일반),4872.0,5620.0,0.0,특,7.3,5.3
5906,20210127,대파(일반),4404.0,4872.0,1720.0,특,4.4,0.0
5910,20210128,대파(일반),4455.0,4404.0,1616.0,특,1.5,0.5
5914,20210129,대파(일반),4548.0,4455.0,1545.0,특,-1.3,0.0
5918,20210130,대파(일반),4497.0,4548.0,1532.0,특,2.7,0.0
5922,20210131,대파(일반),2509.6,4497.0,1406.0,특,7.7,3.3
5926,20210201,대파(일반),4441.0,0.0,0.0,특,9.6,21.6
5930,20210202,대파(일반),4659.0,4441.0,1733.0,특,0.1,0.0
5934,20210203,대파(일반),4727.0,4659.0,1809.0,특,2.0,0.0
5938,20210204,대파(일반),4625.0,4727.0,1825.0,특,1.9,1.2
5942,20210205,대파(일반),4944.0,4625.0,1800.0,특,3.0,0.0
5946,20210206,대파(일반),5063.0,4944.0,1735.0,특,6.7,0.0
5950,20210207,대파(일반),2509.6,5063.0,1563.0,특,6.8,0.0
5954,20210208,대파(일반),5300.0,0.0,0.0,특,1.6,0.0
5958,20210209,대파(일반),5220.0,5300.0,1430.0,특,1.6,0.0
5962,20210210,대파(일반),4924.0,5220.0,1418.0,특,2.3,0.0
5966,20210211,대파(일반),4969.0,4924.0,1332.0,특,4.8,0.0
5970,20210212,대파(일반),2509.6,4969.0,1314.0,특,7.0,0.0
5974,20210213,대파(일반),2509.6,0.0,1259.0,특,8.1,0.0
5978,20210214,대파(일반),2509.6,0.0,1341.0,특,9.4,0.2
5982,20210215,대파(일반),5153.0,0.0,0.0,특,4.3,0.0
5986,20210216,대파(일반),5175.0,5153.0,1430.0,특,2.5,0.6
5990,20210217,대파(일반),5060.0,5175.0,1407.0,특,-2.1,4.3
5994,20210218,대파(일반),4735.0,5060.0,1618.0,특,-0.2,0.7
5998,20210219,대파(일반),4948.0,4735.0,1729.0,특,6.1,0.0
6002,20210220,대파(일반),5493.0,4948.0,1647.0,특,11.5,0.0
6006,20210221,대파(일반),2509.6,5493.0,1436.0,특,16.5,0.0
6010,20210222,대파(일반),5753.0,0.0,0.0,특,9.7,0.0
6014,20210223,대파(일반),6465.0,5753.0,1276.0,특,3.3,0.0
6018,20210224,대파(일반),6458.0,6465.0,1355.0,특,5.3,0.0
6022,20210225,대파(일반),6178.0,6458.0,1384.0,특,6.9,13.3
6026,20210226,대파(일반),6211.0,6178.0,1442.0,특,8.6,2.1
6030,20210227,대파(일반),6215.0,6211.0,1427.0,특,9.3,0.0
6034,20210228,대파(일반),2509.6,6215.0,2157.0,특,10.8,0.1
6038,20210301,대파(일반),5500.0,0.0,0.0,특,11.8,41.0
6042,20210302,대파(일반),6655.0,5500.0,1376.0,특,4.6,0.0
6046,20210303,대파(일반),6675.0,6655.0,1417.0,특,6.3,0.0
6050,20210304,대파(일반),6194.0,6675.0,1364.0,특,8.6,11.4
6054,20210305,대파(일반),6004.0,6194.0,1252.0,특,9.0,0.0
6058,20210306,대파(일반),6104.0,6004.0,1277.0,특,7.2,0.0
6062,20210307,대파(일반),2509.6,6104.0,1230.0,특,8.1,0.0
6066,20210308,대파(일반),5959.0,0.0,0.0,특,7.2,0.0
6070,20210309,대파(일반),6339.0,5959.0,1229.0,특,7.0,0.0
6074,20210310,대파(일반),6380.0,6339.0,1219.0,특,9.7,0.0
6078,20210311,대파(일반),5514.0,6380.0,1284.0,특,10.8,7.4
6082,20210312,대파(일반),5486.0,5514.0,1318.0,특,9.3,11.1
6086,20210313,대파(일반),5618.0,5486.0,1221.0,특,8.4,0.0
6090,20210314,대파(일반),2509.6,5618.0,1239.0,특,7.7,0.0
6094,20210315,대파(일반),5718.0,0.0,0.0,특,11.7,0.3
6098,20210316,대파(일반),5941.0,5718.0,1223.0,특,9.4,3.9
6102,20210317,대파(일반),5724.0,5941.0,1202.0,특,7.9,0.0
6106,20210318,대파(일반),5247.0,5724.0,1157.0,특,9.7,0.0
6110,20210319,대파(일반),4952.0,5247.0,1231.0,특,11.7,1.0
6114,20210320,대파(일반),4972.0,4952.0,1446.0,특,9.2,20.3
6118,20210321,대파(일반),2509.6,4972.0,1522.0,특,7.4,0.0
6122,20210322,대파(일반),5036.0,0.0,0.0,특,8.2,0.0
6126,20210323,대파(일반),5625.0,5036.0,1130.0,특,9.1,0.0
6130,20210324,대파(일반),5617.0,5625.0,1311.0,특,10.5,0.0
6134,20210325,대파(일반),5191.0,5617.0,1385.0,특,11.0,0.0
6138,20210326,대파(일반),5197.0,5191.0,1194.0,특,13.1,0.0
6142,20210327,대파(일반),5245.0,5197.0,1261.0,특,15.6,45.9
6146,20210328,대파(일반),2509.6,5245.0,1699.0,특,12.2,0.0
6150,20210329,대파(일반),4724.0,0.0,0.0,특,11.9,0.0
6154,20210330,대파(일반),5043.0,4724.0,1234.0,특,10.8,0.0
6158,20210331,대파(일반),5108.0,5043.0,1187.0,특,13.6,0.0
6162,20210401,대파(일반),4937.0,5108.0,1152.0,특,16.4,0.3
6166,20210402,대파(일반),4760.0,4937.0,1116.0,특,18.1,0.0
6170,20210403,대파(일반),4987.0,4760.0,1104.0,특,15.7,6.5
6174,20210404,대파(일반),2509.6,4987.0,1086.0,특,10.2,0.1
6178,20210405,대파(일반),5054.0,0.0,0.0,특,10.8,0.0
6182,20210406,대파(일반),4965.0,5054.0,1119.0,특,11.0,0.0
6186,20210407,대파(일반),5026.0,4965.0,1101.0,특,11.6,0.0
6190,20210408,대파(일반),5146.0,5026.0,1111.0,특,11.3,0.0
6194,20210409,대파(일반),4994.0,5146.0,1178.0,특,12.9,0.0
6198,20210410,대파(일반),4719.0,4994.0,1334.0,특,11.7,0.0
6202,20210411,대파(일반),2509.6,4719.0,1318.0,특,13.9,0.0
6206,20210412,대파(일반),4815.0,0.0,0.0,특,14.6,53.0
6210,20210413,대파(일반),5065.0,4815.0,1284.0,특,10.0,0.0
6214,20210414,대파(일반),5060.0,5065.0,1254.0,특,8.9,0.0
6218,20210415,대파(일반),4930.0,5060.0,1168.0,특,10.4,0.0
6222,20210416,대파(일반),4958.0,4930.0,1202.0,특,13.5,0.0
6226,20210417,대파(일반),4730.0,4958.0,1290.0,특,11.6,0.0
6230,20210418,대파(일반),2509.6,4730.0,1275.0,특,10.6,0.0
6234,20210419,대파(일반),4883.0,0.0,0.0,특,10.7,0.0
6238,20210420,대파(일반),5034.0,4883.0,1274.0,특,12.0,0.0
6242,20210421,대파(일반),5018.0,5034.0,1308.0,특,15.9,0.0
6246,20210422,대파(일반),4588.0,5018.0,1311.0,특,17.9,0.0
6250,20210423,대파(일반),4580.0,4588.0,1418.0,특,20.0,0.0
6254,20210424,대파(일반),4638.0,4580.0,1559.0,특,17.7,0.0
6258,20210425,대파(일반),2509.6,4638.0,1588.0,특,15.7,0.0
6262,20210426,대파(일반),4678.0,0.0,0.0,특,15.6,0.0
6266,20210427,대파(일반),4686.0,4678.0,1524.0,특,15.2,0.0
6270,20210428,대파(일반),4692.0,4686.0,1472.0,특,16.1,0.0
6274,20210429,대파(일반),4550.0,4692.0,1357.0,특,16.2,3.1
6278,20210430,대파(일반),4445.0,4550.0,1367.0,특,14.5,12.5
6282,20210501,대파(일반),4211.0,4445.0,1358.0,특,11.9,14.6
6286,20210502,대파(일반),2509.6,4211.0,1363.0,특,11.8,0.0
6290,20210503,대파(일반),4513.0,0.0,0.0,특,13.7,0.0
6294,20210504,대파(일반),4486.0,4513.0,1480.0,특,17.4,48.9
6298,20210505,대파(일반),4513.0,4486.0,1672.0,특,13.9,0.0
6302,20210506,대파(일반),4706.0,4513.0,2100.0,특,14.7,0.0
6306,20210507,대파(일반),4760.0,4706.0,2150.0,특,16.6,0.0
6310,20210508,대파(일반),4962.0,4760.0,2150.0,특,15.2,0.0
6314,20210509,대파(일반),2509.6,4962.0,1685.0,특,16.4,0.0
6318,20210510,대파(일반),4680.0,0.0,0.0,특,18.2,0.0
6322,20210511,대파(일반),4702.0,4680.0,1516.0,특,19.7,0.0
6326,20210512,대파(일반),4663.0,4702.0,1412.0,특,20.0,0.0
6330,20210513,대파(일반),4524.0,4663.0,1578.0,특,19.0,0.0
6334,20210514,대파(일반),4390.0,4524.0,2140.0,특,20.4,0.0
6338,20210515,대파(일반),4369.0,4390.0,2140.0,특,21.7,20.5
6342,20210516,대파(일반),2509.6,4369.0,1931.0,특,19.9,45.6
6346,20210517,대파(일반),3507.0,0.0,0.0,특,15.1,0.8
6350,20210518,대파(일반),3623.0,3507.0,1795.0,특,16.2,0.0
6354,20210519,대파(일반),3710.0,3623.0,1816.0,특,19.4,0.0
6358,20210520,대파(일반),3702.0,3710.0,1762.0,특,16.2,13.0
6362,20210521,대파(일반),3551.0,3702.0,1772.0,특,16.7,0.0
6366,20210522,대파(일반),3364.0,3551.0,1762.0,특,17.9,0.0
6370,20210523,대파(일반),2509.6,3364.0,1668.0,특,19.7,0.0
6374,20210524,대파(일반),3047.0,0.0,0.0,특,17.6,0.0
6378,20210525,대파(일반),3662.0,3047.0,1900.0,특,17.3,0.0
6382,20210526,대파(일반),3601.0,3662.0,1868.0,특,17.1,0.7
6386,20210527,대파(일반),3699.0,3601.0,1952.0,특,16.9,0.6
