사용월,호선명,역ID,지하철역,04:00,05:00,06:00,07:00,08:00,09:00,10:00,11:00,12:00,13:00,14:00,15:00,16:00,17:00,18:00,19:00,20:00,21:00,22:00,23:00,00:00,01:00,02:00,03:00
2020-04,1호선,0150,서울역,709,7671,9614,28851,47613,32798,29999,36623,41863,43791,38915,50320,58245,102801,161131,79024,52802,48241,32771,11655,17,0,0,0
2020-04,1호선,0151,시청,22,1547,2816,5268,6273,6627,7462,10616,11580,14583,19016,24420,28552,55595,107173,45940,31449,29653,19611,6059,14,0,0,0
2020-04,1호선,0152,종각,91,2708,2986,4663,7265,8701,11041,18019,21747,29117,34375,43329,51105,105858,171915,81231,63834,71293,53292,20230,66,0,0,0
2020-04,1호선,0153,종로3가,204,3922,3108,4095,6567,9337,17024,26897,33372,41874,43554,48135,52526,62959,88796,54878,38115,40446,32912,11902,43,0,0,0
2020-04,1호선,0154,종로5가,28,1656,2316,3791,6212,9037,14320,21653,26483,31565,38351,42958,47990,63657,90215,46988,27704,21711,15180,4399,15,0,0,0
2020-04,1호선,0155,동대문,663,13056,8337,11152,15679,15143,13445,15370,17361,18816,19334,20255,21628,21855,21312,15468,11796,11198,9084,3825,27,0,0,0
2020-04,1호선,0156,신설동,296,8814,7958,14752,19758,15373,12396,14354,14539,16971,18208,19370,23272,33195,53174,21475,13494,12088,8730,3353,24,0,0,0
2020-04,1호선,0157,제기동,346,3963,7025,17646,25094,19010,20503,28456,33210,33945,36287,39199,35755,35352,34519,17914,10213,7939,6797,2331,16,0,0,0
2020-04,1호선,0158,청량리(서울시립대입구),1376,10251,12631,33592,41662,28503,25866,29791,32580,34797,36429,38859,39826,39711,37435,22993,16353,11384,8159,3161,34,0,0,0
2020-04,1호선,0159,동묘앞,98,3065,2821,4839,6242,6186,7332,11135,15748,20161,25668,27872,28214,26095,23285,11012,5583,4558,3424,1194,12,1,0,0
2020-04,2호선,0201,시청,51,963,1739,3991,5740,6163,8848,13171,13262,16531,20675,23777,27407,66575,140025,55003,30813,28079,18576,5927,24,3,0,0
2020-04,2호선,0202,을지로입구,86,2179,2702,6403,9775,10712,12229,18281,21374,29332,35329,44320,51484,121386,199965,92465,81461,49419,32907,9338,4,0,0,0
2020-04,2호선,0203,을지로3가,3,817,1717,4170,6789,7014,7855,10490,11715,14627,17794,22567,27600,63203,108282,48883,30369,30222,25657,11266,24,0,0,0
2020-04,2호선,0204,을지로4가,10,846,1173,2187,3921,5018,6915,9266,11982,13582,16182,19021,21896,42576,63045,29930,13961,10210,7658,2809,8,0,0,0
2020-04,2호선,0205,동대문역사문화공원(DDP),310,7507,4183,5402,7832,7408,7182,8882,10835,12469,15324,18765,22658,31375,37400,23666,17679,17380,11521,5006,6,0,0,0
2020-04,2호선,0206,신당,17,5773,10200,22490,35609,21988,14556,14024,15664,17163,17062,17915,20393,23966,31188,20095,13691,11887,9386,4056,3,0,0,0
2020-04,2호선,0207,상왕십리,56,4977,11301,31696,48626,27618,15441,13936,14738,15020,13863,14784,14979,19014,23474,15943,10036,9056,6482,2341,1,0,0,0
2020-04,2호선,0208,왕십리(성동구청),726,6686,8795,22054,38091,23404,14644,13951,16205,17744,17471,18248,21132,27569,32539,21445,19630,22149,23283,13329,80,0,1,0
2020-04,2호선,0209,한양대,2,1073,1917,4381,6744,5075,3684,4949,5554,6240,6995,8780,13069,22564,20851,11216,9249,8667,8603,4176,2,0,0,0
2020-04,2호선,0210,뚝섬,28,3419,7306,17070,24152,15194,10905,11010,13154,16336,19159,22150,29693,47185,99132,52422,29592,25108,18563,6062,1,0,1,0
2020-04,2호선,0211,성수,27,5228,8548,20386,27110,21224,16843,17657,18782,24508,27196,31124,40941,86722,177435,80268,45152,42460,31872,9857,13,0,0,0
2020-04,2호선,0212,건대입구,271,16171,18585,45935,77820,53070,28484,26767,30192,34147,35460,38679,45969,58022,71698,57135,57220,64194,69642,36195,19,1,0,0
2020-04,2호선,0213,구의(광진구청),9,11576,23114,57161,96379,59365,28228,23308,24554,25457,23085,22368,24391,29375,36794,21267,16463,15790,15219,6678,18,1,0,0
2020-04,2호선,0214,강변(동서울터미널),18,7498,23111,67530,96483,67168,41009,38170,39178,39878,38909,39868,39869,43907,52359,42132,31651,26776,17677,6230,6,0,0,0
2020-04,2호선,0215,잠실나루,1,2221,9277,31602,37846,21972,15514,14995,14664,14616,15914,16976,20865,26944,27090,13894,9444,6892,5371,2029,2,0,0,0
2020-04,2호선,0216,잠실(송파구청),95,9845,39077,93729,137816,105396,60027,54284,60658,67927,68287,72861,87047,126940,175044,114521,108483,83879,52575,19336,13,0,0,0
2020-04,2호선,0217,잠실새내,16,4006,13554,45289,58488,35480,20748,18734,21427,22437,21007,22867,26166,28336,33711,25718,22218,22786,22351,11097,16,0,0,0
2020-04,2호선,0218,종합운동장,3,1509,4703,14377,18270,13856,7257,6237,6525,7107,6928,7217,8568,10940,12807,6768,4236,3888,3208,1143,11,1,0,0
2020-04,2호선,0219,삼성(무역센터),134,4602,6106,13240,17568,15971,16179,22043,26640,33903,43842,56645,69261,141175,232578,140953,97580,74119,44267,10976,1,0,0,0
2020-04,2호선,0220,선릉,140,4397,9512,17605,24879,24059,25660,33104,39547,48517,56707,74152,105607,150329,253092,133783,78418,72707,61680,19672,9,0,0,0
2020-04,2호선,0221,역삼,30,3366,7649,11844,20414,19303,17837,23523,28820,36245,43589,58406,77058,153447,233799,121724,67242,65813,46051,14805,1,0,0,0
2020-04,2호선,0222,강남,197,10268,18382,33746,52320,41174,38930,52534,68287,89329,94016,115658,131646,202863,313518,199444,147350,172918,174617,63010,10,1,0,0
2020-04,2호선,0223,교대(법원.검찰청),10,2204,11065,20678,28931,23485,21079,25386,27991,33979,40109,45362,51065,78832,127598,59942,42056,46658,42496,14032,4,0,0,0
2020-04,2호선,0224,서초,37,1114,6296,11584,18522,19416,14219,16380,17435,19813,22707,26691,30637,55817,85600,40051,22158,21930,16072,4406,0,1,0,0
2020-04,2호선,0225,방배,13,2319,8230,18620,26640,20898,13744,12968,14116,17312,17073,19788,23736,35651,59550,26328,17278,16614,14286,5265,0,0,0,0
2020-04,2호선,0226,사당,223,11976,21236,62299,82790,61960,35740,31762,37443,40264,39065,40177,44999,58909,80975,55807,45504,49562,50916,25640,9,0,0,0
2020-04,2호선,0227,낙성대(강감찬),53,10424,22226,66676,106819,71161,34087,27373,30291,31239,28428,27906,30196,36199,42399,27413,19056,18083,15097,6750,0,0,0,0
2020-04,2호선,0228,서울대입구(관악구청),3624,25821,37121,107280,155421,106672,53802,45848,50451,53778,50818,52252,57841,64484,78314,51861,42369,44354,39852,17134,4,0,0,0
2020-04,2호선,0229,봉천,51,13736,24786,69406,102070,63940,31786,25074,27063,27945,23899,23355,24432,26336,29674,19206,14626,13140,10866,3897,6,0,1,0
2020-04,2호선,0230,신림,230,36840,69320,178407,270685,166843,81566,65476,70139,70159,62824,61487,66230,73587,78799,56441,47535,45999,41201,19686,1,0,0,0
2020-04,2호선,0231,신대방,101,22605,31459,74068,110953,69852,36176,27890,28218,28250,24907,23940,26548,31619,35899,22609,16103,12627,9897,4283,0,0,0,0
2020-04,2호선,0232,구로디지털단지,245,35799,45660,117003,157042,101877,53735,46594,50097,54916,49866,51289,61920,108472,189793,101465,56723,46770,38626,15798,6,0,0,0
2020-04,2호선,0233,대림(구로구청),520,30876,25195,54925,77850,53710,29656,24450,26360,27283,25359,25887,28509,36066,48312,26095,17290,13335,9768,4400,4,1,0,0
2020-04,2호선,0234,신도림,3149,32475,43281,113194,116829,76242,46176,42839,49251,52882,51174,53542,58546,78071,109479,68422,59257,46599,33985,15096,58,1,0,0
2020-04,2호선,0235,문래,6,2821,10112,34632,36019,21551,14532,14146,15918,17466,17618,19745,23619,43726,89523,33718,20754,21013,16888,6962,8,0,0,0
2020-04,2호선,0236,영등포구청,21,4979,10977,35568,39365,25605,17958,18462,19458,21270,22684,23466,29062,46336,90563,34801,22608,22434,17316,6396,5,0,0,0
2020-04,2호선,0237,당산,37,5311,14689,38468,46836,29853,18430,17918,18355,19648,18821,19864,23550,36681,59713,28271,19786,19483,17319,7362,7,0,1,0
2020-04,2호선,0238,합정,121,6952,14060,34769,44671,30903,20130,20288,23303,27759,29128,32025,39449,58220,97610,64152,49437,55928,55297,24306,5,1,0,0
2020-04,2호선,0239,홍대입구,599,17600,22474,49997,62154,40491,27767,30973,36549,47070,49777,58975,75296,101884,135624,110728,105798,122764,128802,59054,298,0,0,0
2020-04,2호선,0240,신촌,47,6388,10839,27911,37731,27530,24580,28540,35153,38096,39695,45161,54081,71043,77619,58585,58834,61880,66046,26944,4,0,0,0
2020-04,2호선,0241,이대,31,2262,5569,15023,18649,12133,8803,9725,12134,13185,13247,15576,20645,28435,25771,16621,13351,12401,10805,3360,0,0,0,0
2020-04,2호선,0242,아현,7,3563,8759,21851,27884,17565,11358,10379,11223,11235,10574,11635,12912,15124,16410,9692,6500,4920,3821,1501,1,0,0,0
2020-04,2호선,0243,충정로(경기대입구),23,2665,5663,13089,18242,12049,8311,8647,8538,9642,10145,10423,12674,20058,39998,15501,8672,8433,6377,2250,0,0,0,0
2020-04,2호선,0244,용답,5,2235,2672,5492,10335,5046,3068,2896,3065,3193,3166,2976,3044,3377,3127,2031,1393,1107,946,490,0,1,0,0
2020-04,2호선,0245,신답,0,882,1450,5155,8416,3386,1684,1509,1513,1532,1468,1431,1582,1617,1949,1010,567,498,429,120,0,0,0,0
2020-04,2호선,0246,신설동,19,1017,1143,2459,4525,3327,3071,3820,4535,5324,6115,6908,7139,9243,10737,4778,2593,2175,1661,595,2,0,0,0
2020-04,2호선,0247,도림천,0,282,848,2416,2523,1534,1264,1014,1617,1276,1417,1730,2167,2322,3092,1751,755,640,342,164,1,0,0,0
2020-04,2호선,0248,양천구청,10,3902,9589,25720,23304,12815,7571,6661,7329,7261,6013,5482,6401,7000,7258,3701,2455,2348,1992,674,3,1,0,0
2020-04,2호선,0249,신정네거리,42,6714,11245,34130,31588,17752,11314,9650,10194,9909,9214,8848,11790,12349,10562,6523,4905,3736,3151,1299,15,0,0,0
2020-04,2호선,0250,용두(동대문구청),16,938,1105,4027,6550,3264,2521,2844,3088,3106,3299,3607,3675,3684,4980,2404,1374,1185,879,284,0,0,0,0
2020-04,3호선,0309,지축,1,1125,4961,13011,12427,6493,4172,3796,3750,3605,3367,3776,4107,4462,3278,1764,1083,731,537,223,0,0,0,0
2020-04,3호선,0310,구파발,75,7811,25821,71429,70749,34959,22161,20154,21715,21927,21894,23788,26858,29641,27453,17074,13580,12981,7549,2367,4,0,0,0
2020-04,3호선,0311,연신내,208,23994,43642,116970,139141,77542,48723,43390,46220,47358,43701,42248,44729,46060,44218,33628,26572,24098,22126,8619,5,3,0,0
2020-04,3호선,0312,불광,24,7995,16134,42653,51403,28707,19839,18313,18687,19984,20155,20313,21286,24165,26950,16922,12300,10704,7611,2405,4,0,0,0
2020-04,3호선,0313,녹번,12,7056,17866,46305,55618,31043,17071,14195,13669,13303,12169,11112,14389,16704,15651,8228,5573,4607,3736,1092,1,0,0,0
2020-04,3호선,0314,홍제,46,8056,18568,48144,59593,35575,23595,21120,22025,21344,19972,19931,21892,25300,24260,13467,10071,8274,5986,1956,0,1,0,0
2020-04,3호선,0315,무악재,17,1693,4348,11781,13709,8280,5144,4429,4367,4341,3858,3852,3811,4967,5461,2782,1939,1592,1239,508,0,0,0,0
2020-04,3호선,0316,독립문,88,4542,5443,12533,15786,11416,9161,8141,9377,9528,10284,10370,11102,12297,14216,7464,4683,3760,2699,733,10,1,0,0
2020-04,3호선,0317,경복궁(정부서울청사),101,2369,4551,11264,16084,15208,10634,11634,12498,15970,18877,22472,29513,44804,77020,34552,24153,23262,17093,5415,6,0,0,0
2020-04,3호선,0318,안국,9,1464,2720,4822,6994,5906,6479,8388,10159,12777,16201,21128,28262,80186,90562,38003,26233,22209,14012,3551,3,0,0,0
2020-04,3호선,0319,종로3가,7,613,999,1279,1922,2763,4214,6040,7408,8750,10585,14474,15748,25531,47002,28585,14044,15385,12117,4271,12,1,0,0
2020-04,3호선,0320,을지로3가,3,483,859,1481,2175,2896,3752,4815,5913,7844,9719,11214,13673,31097,57468,25586,15354,13941,11461,4731,4,0,0,0
2020-04,3호선,0321,충무로,0,0,0,0,0,1,0,0,1,0,2,3,0,1,2,2,0,0,0,3,1,0,0,0
2020-04,3호선,0322,동대입구,9,961,1904,3684,5575,4422,3871,4265,5336,6363,8404,10455,13161,32690,29510,13093,8140,7319,6084,1810,2,0,0,0
2020-04,3호선,0323,약수,99,5214,9077,19999,32111,22024,14683,13784,14627,15753,14625,14503,16616,20777,28007,16693,12361,11989,9565,3782,6,0,0,0
2020-04,3호선,0324,금호,30,4475,8288,21949,29816,19298,11228,9523,9377,9685,8770,8225,8599,9591,9792,6794,5193,4261,3298,1283,0,0,0,0
2020-04,3호선,0325,옥수,213,2590,7668,19333,25655,16919,11268,9792,10281,11045,10697,10644,12470,13982,15674,9854,7559,6556,4789,2009,88,0,0,0
2020-04,3호선,0326,압구정,25,2714,6645,12804,18515,14530,16513,20960,24179,27232,33224,40947,49823,72438,111876,85996,63156,41692,30719,7840,20,0,0,0
2020-04,3호선,0327,신사,59,3168,5579,9593,14824,12760,12969,16880,19716,23779,29192,35986,45214,69903,117307,84876,54384,57328,48962,16598,4,0,0,0
2020-04,3호선,0328,잠원,6,1248,5075,12782,16660,10118,6525,6106,6643,6542,5945,6553,7362,8634,9440,6164,3934,3652,2884,846,0,0,0,0
2020-04,3호선,0329,고속터미널,105,4229,5617,19752,30543,31162,32240,38867,47972,52243,55035,62791,72392,92899,103297,84632,99178,56969,40492,12091,0,0,0,0
2020-04,3호선,0330,교대(법원.검찰청),24,925,2598,6290,8925,7876,8267,10186,10988,13536,16118,18036,20940,33089,57342,25101,17358,18105,20717,5196,2,0,0,0
2020-04,3호선,0331,남부터미널(예술의전당),40,2316,7458,21205,30974,25198,23146,24382,26167,29746,30950,34882,41001,73129,118662,57136,35307,31570,23103,6428,3,0,0,0
2020-04,3호선,0332,양재(서초구청),90,4243,11470,26361,35235,25302,20852,22754,26412,30167,32602,38800,48791,95813,173792,85742,51235,47131,34092,9556,9,0,0,0
2020-04,3호선,0333,매봉,7,1224,5115,10954,13826,9952,7582,7130,7805,9104,10375,11756,13857,26230,51145,21777,12267,12103,8588,2338,6,0,0,0
2020-04,3호선,0334,도곡,13,882,2925,6698,8392,5208,3526,3686,4300,4791,4895,6246,8431,11605,14819,7927,5069,4593,3160,826,7,0,0,0
2020-04,3호선,0335,대치,3,1906,9799,19220,18139,10244,7700,7559,9508,10480,9906,12514,13211,18713,21868,13731,9999,10670,22356,2266,1,0,0,0
2020-04,3호선,0336,학여울,0,418,1441,2943,3319,2192,1440,1395,1541,1528,1611,2203,2528,3415,4779,2299,1447,1395,1053,208,1,0,0,0
2020-04,3호선,0337,대청,17,3073,8678,21941,24837,13337,9423,8648,9078,10013,9254,10507,12894,17365,19451,11300,6540,5380,4030,1238,1,0,0,0
2020-04,3호선,0338,일원,6,1671,6610,17449,17005,10891,9940,10461,10552,9956,10633,12962,16458,25001,12571,7833,4816,3083,2639,801,0,0,0,0
2020-04,3호선,0339,수서,223,3794,10482,26382,33579,21759,18611,14924,18323,18482,15668,19534,21409,28747,41113,20040,17680,12302,10105,3181,2,0,0,0
2020-04,3호선,0340,가락시장,12,2232,5869,16051,18178,12336,9971,9514,9850,10495,10767,11264,12476,15724,25071,11237,8043,7299,5653,1666,11,0,0,0
2020-04,3호선,0341,경찰병원,7,2149,6160,17553,21141,12729,8896,7547,6968,8166,7822,7846,8147,12731,17226,6498,4564,4827,3193,718,2,0,0,0
2020-04,3호선,0342,오금,10,2930,6332,21220,24829,12873,6907,5621,6182,6082,5144,5003,5596,8361,10934,4633,3121,2709,2145,487,3,1,0,0
2020-04,4호선,0409,당고개,54,7707,15322,41384,43759,24722,16901,14765,15896,15912,14842,14166,14741,15510,14845,10832,6657,5176,4207,1084,3,0,0,0
2020-04,4호선,0410,상계,67,11440,30569,76796,68747,37416,23159,20732,21241,21577,19675,18564,19982,19978,20277,13928,9979,9305,10407,2673,8,0,0,0
2020-04,4호선,0411,노원,140,10407,21543,46167,48026,28596,20540,19617,21332,22805,22222,22699,25316,27487,29837,22971,23914,21160,21837,8413,14,0,0,0
2020-04,4호선,0412,창동,1686,14656,32239,80208,71408,45382,32452,29894,30411,31837,29580,29998,33176,36147,37898,23664,17831,16414,14458,6366,242,0,0,0
2020-04,4호선,0413,쌍문,70,19825,46394,107000,118681,68641,42080,34316,33779,32800,29110,27581,30028,31998,32048,22543,16029,13517,10306,4640,5,0,0,0
2020-04,4호선,0414,수유(강북구청),129,17417,38880,95061,114817,68716,43705,38474,40610,41112,40428,39270,40036,46186,54494,35556,26089,24161,21082,10289,1,0,0,0
2020-04,4호선,0415,미아(서울사이버대학),31,9187,18179,41303,49669,29547,19525,18060,18663,18759,18124,16406,18294,19228,23215,15779,10607,8245,5912,2265,1,0,0,0
2020-04,4호선,0416,미아사거리,22,12724,32205,79119,93062,54116,33333,30235,31913,32768,31874,32425,35093,36341,39253,30898,29645,17903,14440,6484,1,0,0,0
2020-04,4호선,0417,길음,16,7628,24425,67840,74346,39361,23727,20188,21017,22006,19364,19076,20376,24760,24549,16106,12194,9172,9257,2876,1,0,0,0
2020-04,4호선,0418,성신여대입구(돈암),45,4718,14725,37508,46652,30385,20395,19451,22166,23988,23476,24443,26854,32542,38270,26121,22648,24007,21975,8774,3,0,0,0
2020-04,4호선,0419,한성대입구(삼선교),54,6268,10801,25051,32280,21112,14373,13347,15290,16253,15413,16077,19171,23867,26237,15220,11250,11080,8640,3442,4,0,0,0
2020-04,4호선,0420,혜화,42,3034,6213,13588,17055,18620,21958,24463,23489,25039,32761,42000,51471,68593,91647,52940,47769,59011,53309,18144,0,0,0,0
2020-04,4호선,0421,동대문,249,6812,3614,4972,6856,10283,15235,20565,25703,28740,35818,42172,50416,77111,66599,30402,20724,19646,10800,4618,1,0,0,0
2020-04,4호선,0422,동대문역사문화공원(DDP),267,8378,3983,5518,6296,6195,6116,8471,10525,12643,16502,22804,24955,42796,65145,36025,25352,23124,17211,7285,11,0,0,0
2020-04,4호선,0423,충무로,56,2337,3350,6491,9769,10595,10913,13937,17028,22149,27801,31144,40834,71722,127856,63471,40305,37252,30412,12341,4,0,0,0
2020-04,4호선,0424,명동,31,445,1797,2472,3622,5101,6480,8783,10748,14130,18834,24449,31372,46175,81194,43192,33237,28570,16255,3474,5,0,0,0
2020-04,4호선,0425,회현(남대문시장),32,1698,2699,3671,5914,6942,9679,16232,22146,28794,34444,43080,59994,81113,104939,40562,37340,14444,8866,2739,6,0,0,0
2020-04,4호선,0426,서울역,159,4584,4586,9754,12125,8610,6362,7876,8402,9271,8778,10358,12657,32038,58064,20205,11764,10516,7447,2721,4,0,0,0
2020-04,4호선,0427,숙대입구(갈월),10,2760,6289,13791,21652,14310,10847,11306,12196,13102,13904,14074,18146,27604,43748,21486,15408,14455,12511,5409,0,0,0,0
2020-04,4호선,0428,삼각지,1,382,1687,4130,6377,4266,3141,3114,3494,4367,4504,4780,6007,10502,20587,8540,5382,5174,4158,1766,4,0,0,0
2020-04,4호선,0429,신용산,2,958,3228,8122,12158,9198,7307,8882,10183,11917,12716,15829,21939,40333,75378,35850,23041,18090,12617,4683,1,0,0,0
2020-04,4호선,0430,이촌(국립중앙박물관),14,984,3666,9901,13220,8630,5981,5561,6234,6849,7351,8026,11718,13728,17090,8081,5519,5777,3606,1267,1,0,0,0
2020-04,4호선,0431,동작(현충원),35,358,1182,3930,4901,3543,2852,2766,2915,3154,3585,4470,4774,5797,6859,3625,2503,2254,1537,579,11,0,0,0
2020-04,4호선,0432,총신대입구(이수),76,5115,13927,38623,49986,30089,20316,20466,21034,23224,22777,23500,25281,29218,39053,23274,20850,17835,16147,6558,12,0,0,0
2020-04,4호선,0433,사당,86,9082,20271,56246,73695,53557,30456,24456,26677,28052,26117,24563,26374,33354,40461,28193,23525,25685,24432,9580,14,0,0,0
2020-04,4호선,0434,남태령,50,381,792,1908,2420,2060,1227,1166,1222,1273,1372,1307,1685,2464,2632,1172,818,463,265,87,2,0,0,0
2020-04,경부선,1001,서울역,0,56,57,5451,10565,6256,4841,5366,6135,4832,2975,5445,5996,6089,8152,6504,5815,5501,3637,1686,22,0,0,0
2020-04,경부선,1002,남영,48,2610,3493,10138,13254,8901,6749,7561,8252,8682,9422,11239,13892,22547,40896,16170,10909,10100,8772,3281,20,0,0,0
2020-04,경부선,1003,용산,257,3579,4333,15440,20776,21449,16634,25666,24556,31115,31628,43262,51658,75004,115820,70488,59225,50032,32780,12116,320,0,0,0
2020-04,경부선,1004,노량진,276,4393,5557,14358,19548,10873,8178,8628,9750,11452,10037,10017,11765,15301,19345,11794,11419,14051,16253,5473,73,0,0,0
2020-04,경부선,1005,대방,414,4703,9467,24876,31842,17795,11953,11173,11348,12620,12357,13339,15239,26824,39986,15948,10156,9813,7993,2360,19,0,0,0
2020-04,경부선,1006,영등포,3754,16033,14171,31967,44867,31795,24832,28674,35829,39704,43661,49843,60446,80322,120639,77554,80857,64248,43119,19946,120,0,0,0
2020-04,경부선,1007,신도림,416,2071,2867,8553,10471,5519,3605,3207,3541,3738,3557,3955,4467,6999,12450,5453,4273,3379,2085,1038,19,0,0,0
2020-04,경부선,1032,신길,690,10407,9632,19874,26309,15522,9140,8034,8319,8711,8016,8569,10085,15444,27083,11770,6375,6040,4288,1680,16,0,0,0
2020-04,경부선,1701,구로,9443,21025,16610,31572,31174,20757,15251,14533,15064,15429,15599,17199,20824,37375,55482,23690,13880,11958,9080,4214,31,0,0,0
2020-04,경부선,1702,가산디지털단지,935,8438,5994,11485,11785,8071,7482,7926,9497,10699,11225,12748,18810,55307,96144,44399,25711,19719,13565,5322,77,0,0,0
2020-04,경부선,1703,금천구청,506,9782,16053,37424,35211,18901,12487,11014,11423,11399,10250,10507,11465,14018,22684,10518,7209,6560,4858,1485,33,0,0,0
2020-04,경부선,1704,석수,258,6753,14553,32692,32886,17480,10584,9199,9708,10073,9526,10876,12441,15714,17643,9945,6353,5284,3757,1422,43,0,0,0
2020-04,경부선,1705,관악,152,6336,10614,27695,25995,12527,7685,6799,7023,7659,7809,8017,9460,10711,9765,6052,4253,3726,2288,789,46,0,0,0
2020-04,경부선,1706,안양,253,13372,25993,66907,60162,31330,21090,19869,22893,22656,22260,23378,27283,31152,30775,21957,19256,21943,18210,8405,359,0,0,0
2020-04,경부선,1707,명학,101,5650,8296,20828,18860,9335,6533,6077,7074,7236,6595,7615,10440,20510,32584,11176,8614,6457,3891,1452,43,0,0,0
2020-04,경부선,1708,금정,217,20634,29468,66628,68758,38270,23741,22514,23941,23960,21482,22476,27922,47978,63009,30775,22406,19320,14490,6470,399,1,0,0
2020-04,경부선,1709,군포,60,4951,7914,15426,13471,7917,5777,5434,5967,5982,5438,5986,7365,17098,31273,11583,8350,5378,3261,1288,77,0,0,0
2020-04,경부선,1710,의왕,43,5359,11030,25423,23622,10941,8029,7543,7753,8169,7490,7816,10525,20467,20369,10286,7176,6141,3702,1499,85,0,0,0
2020-04,경부선,1711,성균관대,73,7267,21417,52795,42515,18638,12683,11722,12928,12684,11446,11507,13599,17648,18927,11152,8958,8520,8108,3535,239,0,0,0
2020-04,경부선,1712,화서,270,6243,16434,31533,22638,9739,7082,6587,6449,6471,5769,5954,8102,9387,8594,5218,3789,3163,2712,864,61,0,0,0
2020-04,경부선,1713,수원,1785,18829,28785,59135,51665,31397,27605,30258,32654,34602,36248,41190,51019,61575,73273,59671,60133,45348,36967,15244,517,0,0,0
2020-04,경부선,1714,독산,480,6039,13882,32231,30874,16416,11695,11702,12455,12985,12688,13447,19135,40617,59951,30419,15245,11969,8198,2440,55,0,0,0
2020-04,경부선,1715,세류,241,3112,5765,11303,7620,3736,2878,2899,2900,2709,2630,2757,3397,4674,4821,2994,2308,1994,1144,409,7,0,0,0
2020-04,경부선,1716,병점,2296,6224,18021,37258,26992,16410,12876,13465,14165,13527,13250,14597,17603,24985,28245,15197,11023,8983,6876,2030,18,0,0,0
2020-04,경부선,1717,세마,157,1560,4087,7045,5191,4255,2647,2595,2465,2723,2618,2602,3272,4104,4476,2140,1454,1545,833,339,23,0,0,0
2020-04,경부선,1718,오산대,113,2008,4442,7270,4829,3502,2749,2524,2690,3025,2978,3276,4220,4947,6095,2973,2292,2130,1348,803,56,0,0,0
2020-04,경부선,1719,오산,175,5479,10179,16016,13683,10205,9400,9677,11075,10659,10333,10481,12711,20558,21688,12212,9960,6780,4626,1522,70,0,0,0
2020-04,경부선,1720,진위,3,627,1083,2023,1848,1192,960,990,1183,1227,1103,1397,1906,4675,7384,2422,1619,887,497,188,11,0,0,0
2020-04,경부선,1721,송탄,11,4721,5311,8383,6814,4971,4341,4560,4424,4875,3952,4513,5084,5679,7454,4115,3039,2525,1428,568,31,0,0,0
2020-04,경부선,1722,서정리,14,2515,6086,8010,7274,5598,5663,5660,6466,5984,5884,6394,8304,14212,13413,7855,5743,3584,2054,656,16,0,0,0
2020-04,경부선,1723,지제,1,689,2148,4387,3393,1957,1717,1624,2486,1842,2018,3111,3774,7138,6245,3937,2355,2597,1564,573,2,0,0,0
2020-04,경부선,1724,평택,51,6145,11133,17702,15982,13052,12134,11724,12709,13497,13680,14271,17055,20477,21664,15157,15250,10104,7115,3432,21,0,0,0
2020-04,경부선,1725,성환,14,1723,2308,3985,4111,3578,3552,3674,3744,4305,4010,4276,5041,8276,7704,3670,3372,1792,1067,462,28,0,0,0
2020-04,경부선,1726,직산,54,556,1038,1248,744,823,789,680,794,823,762,941,888,1849,2513,866,673,481,322,145,13,0,0,0
2020-04,경부선,1727,두정,916,3287,5881,9492,7011,5064,4558,4673,4459,5183,5091,5344,6191,7866,7934,5422,4326,3406,2806,1599,30,0,0,0
2020-04,경부선,1728,천안,1847,2192,3953,6372,5280,6158,5904,6808,6098,7074,7409,7675,8350,8387,8611,6340,5264,4088,2455,1163,3,0,0,0
2020-04,경부선,1729,당정,2,2848,8651,20675,17354,8479,6148,5990,5884,5943,5271,5342,6430,9133,13383,5707,4177,3217,2488,968,78,0,0,0
2020-04,경부선,1749,서동탄,0,1028,3729,8646,3691,1623,1387,1312,1236,1218,1187,1428,1474,1822,2214,1151,777,544,422,59,8,0,0,0
2020-04,경부선,1750,광명,0,16,2396,10544,7498,4244,1183,2731,3193,2348,2160,2476,6605,2439,4901,5342,1126,3505,1314,349,0,0,0,0
2020-04,경인선,1801,개봉,1261,15944,30839,72611,71411,40647,25493,22410,23847,23430,20272,19621,23006,26054,26538,16177,12408,10603,7670,3310,141,0,0,0
2020-04,경인선,1802,오류동,418,10421,15576,41382,40923,22090,14678,12102,13810,13257,11743,11039,12220,13341,13498,8455,5744,4836,4282,1647,109,0,0,0
2020-04,경인선,1803,역곡,713,23607,38572,103008,99650,50766,30086,26920,29098,28483,25115,25003,27519,29117,29827,19610,15839,14520,11825,5282,462,0,0,0
2020-04,경인선,1804,부천,2477,31184,38269,90384,92824,50807,35222,35075,38223,38129,37302,38955,42657,46518,52700,36058,30375,30228,27162,12813,1300,0,0,0
2020-04,경인선,1805,송내,1204,13943,33535,95304,79266,41372,26313,26061,30632,27359,25574,26503,28942,39157,69033,30412,21937,18266,14952,7116,1061,0,0,0
2020-04,경인선,1806,부평,6402,21285,31933,72594,68821,37886,29233,29558,32728,33407,33738,36946,42507,48015,48030,38278,35530,37187,34518,19027,3298,0,0,0
2020-04,경인선,1807,백운,83,6556,12485,23612,21234,11862,9062,8667,8846,8010,7393,7032,8022,8363,9217,4575,3750,3209,2069,1186,127,0,0,0
2020-04,경인선,1808,동암,470,18239,25923,46887,45774,25806,18785,17119,18469,17974,16536,15865,18269,21334,21152,14633,10823,9699,7129,3782,416,0,0,0
2020-04,경인선,1809,주안,622,12876,22254,53879,47288,27832,20631,21078,22964,22857,21511,22233,24172,30996,34338,21103,17711,16047,14205,6947,755,0,0,0
2020-04,경인선,1810,제물포,645,5855,11710,29889,26329,14576,10848,10719,10938,11038,9818,10197,12739,15555,18957,9048,6253,4501,3298,1700,83,0,0,0
2020-04,경인선,1811,동인천,1606,6803,14047,34257,27127,17411,14895,16167,16770,17481,17466,19377,21657,28574,33742,17197,12703,9443,6457,2615,19,0,0,0
2020-04,경인선,1812,인천,257,1205,2306,4613,3957,2518,2300,2958,3958,4840,5459,6204,7230,9173,8230,4294,3445,2012,1215,395,8,0,0,0
2020-04,경인선,1813,구일,234,3149,8031,22894,19865,9508,6731,5909,6338,6207,5935,6600,7233,8280,9395,4755,3271,3068,2290,904,32,0,0,0
2020-04,경인선,1814,소사,817,14764,14457,29382,28362,17024,12722,11269,11709,10803,9861,9915,10427,12598,12275,7202,5021,4249,3166,1425,131,0,0,0
2020-04,경인선,1815,부개,1692,7719,13972,31919,26417,14696,10439,9524,9267,9180,8265,7564,9005,9656,9758,5923,4227,3519,2581,1389,223,0,0,0
2020-04,경인선,1816,간석,317,4836,9941,19957,16469,9069,6559,6510,6469,6337,5771,6033,6368,6715,7405,4317,3582,3220,2385,1463,155,0,0,0
2020-04,경인선,1817,도원,422,2217,2955,5368,5072,3941,3383,3492,3735,3540,3426,3454,4333,5041,6316,2551,1643,1525,889,292,23,0,0,0
2020-04,경인선,1821,온수(성공회대입구),146,4802,7445,17843,17166,10192,7293,6932,7506,7624,6776,6619,8510,9072,9418,4707,3577,3241,2631,1325,162,0,0,0
2020-04,경인선,1822,중동,550,8835,14799,35467,28710,14923,9996,9641,10104,9684,8779,8237,9485,10306,11564,6488,5025,3850,2719,1207,157,0,0,0
2020-04,경인선,1823,도화,277,3316,5509,12293,9743,5979,4783,4305,4461,4485,3959,3946,4853,5856,5153,2894,2090,1433,933,648,29,0,0,0
2020-04,경원선,1008,이촌(국립중앙박물관),45,996,2877,5942,7259,5298,3814,3741,4240,4312,4128,4952,6274,8081,8343,4730,3387,3091,1969,671,45,0,0,0
2020-04,경원선,1009,서빙고,35,672,1564,2001,2415,2047,1637,1594,1847,1837,2180,2202,3331,4533,4928,2373,1509,1072,795,218,33,0,0,0
2020-04,경원선,1010,한남,145,1779,2215,3907,5153,3843,3730,3664,3947,3870,4443,5517,6818,10723,13056,6718,4542,4451,3729,1543,54,0,0,0
2020-04,경원선,1011,옥수,1,0,0,35,38,41,25,9,8,17,18,29,217,188,20,256,24,23,25,31,0,0,0,0
2020-04,경원선,1012,응봉,94,924,2179,5460,6111,3413,2371,1985,2043,2190,1840,2221,2455,2481,2511,1503,1085,922,621,244,15,0,0,0
2020-04,경원선,1013,왕십리(성동구청),684,4821,7186,21029,34319,21895,11803,11027,13066,14321,14873,16012,18603,22576,23648,19049,18065,21577,19661,10066,458,0,0,0
2020-04,경원선,1014,청량리(서울시립대입구),916,5748,6830,23359,25215,21145,19227,15520,19697,20851,21967,22922,21882,24076,23289,19702,20568,8151,7420,2448,73,0,0,0
2020-04,경원선,1016,외대앞,458,4279,6788,14772,18643,12248,8755,8641,9287,9850,9928,9936,10776,11921,10494,7321,5475,5549,4337,2123,106,0,0,0
2020-04,경원선,1017,신이문,1238,7623,12070,30617,33917,18764,12720,10306,10348,10183,8990,8137,7725,8003,7908,5979,3505,2791,1941,840,60,0,0,0
2020-04,경원선,1018,석계,1172,5342,10306,21778,25826,16586,11931,10956,10913,10662,9755,9642,9044,10559,9945,7662,5779,5303,4614,2177,139,0,0,0
2020-04,경원선,1019,광운대,2042,5434,11272,27655,26603,13310,9246,8071,8978,9006,8238,8373,8617,10009,8366,5467,4399,3953,3425,1628,163,0,0,0
2020-04,경원선,1020,월계,492,5158,6976,18102,17386,11612,8663,7407,7644,7636,6767,6726,7198,6781,7290,4379,3009,2391,1837,772,44,0,0,0
2020-04,경원선,1021,녹천,759,3928,6465,17284,15157,9085,6556,5550,6207,5395,4727,4779,4575,4817,4346,3183,1811,1706,945,390,59,0,0,0
2020-04,경원선,1022,창동,0,0,0,0,1,0,0,0,0,0,1,0,0,1,2,1,0,0,0,0,1,0,0,0
2020-04,경원선,1901,방학,454,10382,12668,24833,24745,16221,12592,11308,11627,11757,10944,10791,11131,12341,15363,9250,6132,4770,3946,1392,144,0,0,0
2020-04,경원선,1902,도봉,130,6240,8202,16083,15883,10410,8446,7842,7236,7896,7740,7867,7373,8254,8957,4610,2781,2244,1691,653,90,0,0,0
2020-04,경원선,1903,도봉산,104,5539,7899,19420,18636,11782,9843,9781,12017,14848,18901,20866,21734,18737,13809,8858,5137,3281,2282,679,63,0,0,0
2020-04,경원선,1904,망월사,328,6075,10840,20292,20148,12526,9153,8704,8692,8664,8076,7964,8217,8637,8526,4730,3451,2935,2387,1028,133,0,0,0
2020-04,경원선,1905,회룡,829,11524,21305,46606,38535,22152,16143,14587,14289,13631,11889,11589,11143,11269,10712,7004,5271,4381,3628,1349,123,0,0,0
2020-04,경원선,1906,의정부,2360,9077,17843,38270,35465,20889,16601,18382,20385,20368,20837,22458,25055,29259,32686,21920,22079,14119,13239,4991,402,0,0,0
2020-04,경원선,1907,가능,351,7052,10082,20036,17924,11084,8149,7453,7522,7227,6142,6262,6171,8845,7949,5359,3681,2848,2469,1019,104,0,0,0
2020-04,경원선,1908,녹양,235,4324,7550,14749,13263,7374,5823,5057,5093,4992,4324,4617,4616,5742,6628,3637,2549,1744,1474,551,33,0,0,0
2020-04,경원선,1909,양주,1604,4612,10113,27244,21312,12620,9634,8456,9190,8389,7926,8269,9474,10882,12513,6318,3872,2930,1766,711,25,0,0,0
2020-04,경원선,1910,덕계,0,1551,5107,9358,7756,3739,2896,2630,2496,2491,2126,2137,2312,2656,2934,1462,926,712,460,229,10,0,0,0
2020-04,경원선,1911,덕정,0,3093,7356,16231,13553,7380,5959,6148,6267,6123,5496,5446,6583,9443,10349,4880,3788,2591,2313,1086,146,0,0,0
2020-04,경원선,1912,지행,40,4073,8309,16997,14732,9326,7236,6910,7127,7094,6053,5729,6457,7649,9459,5299,4594,3765,3306,1994,133,0,0,0
2020-04,경원선,1913,동두천중앙,11,2169,3808,7374,7158,4702,4143,4023,3990,4068,3702,3652,3791,4941,6464,2664,1846,1219,755,318,15,0,0,0
2020-04,경원선,1914,보산,27,1112,2229,4073,2964,2387,1946,1843,1841,1791,1592,1517,1775,2576,2119,1458,980,630,293,184,8,0,0,0
2020-04,경원선,1915,동두천,8,775,2253,3695,3763,2503,2492,2148,2084,2195,2269,2521,2583,2992,3834,1982,1151,656,446,226,2,0,0,0
2020-04,경원선,1916,소요산,31,701,776,2949,2518,3116,3119,3674,5120,6898,9448,12225,11605,8380,5063,2571,1543,908,311,155,1,0,0,0
2020-04,안산선,1751,산본,479,7570,20210,49139,45198,21799,16101,15908,17333,17823,17316,17545,19365,21692,27728,19645,15538,16090,13454,4882,590,0,0,0
2020-04,안산선,1752,대야미,0,1974,6399,14628,14429,8002,5860,5612,5836,6527,6988,7593,8230,8498,9743,5619,3814,2881,1645,706,122,0,0,0
2020-04,안산선,1753,반월,1,2824,6021,13552,12746,7718,5629,5198,5115,5342,4906,4443,5142,6545,7159,4379,2921,1984,1308,630,162,0,0,0
2020-04,안산선,1754,상록수,405,13406,29991,66460,61659,30578,21546,19660,20454,18596,16593,15914,17539,21309,21962,14982,11239,9495,7377,3213,344,0,0,0
2020-04,안산선,1755,한대앞,132,5363,12393,22755,19395,10347,7991,8250,8258,7609,7144,7197,7822,10391,11819,6992,5359,5303,4156,1600,88,0,0,0
2020-04,안산선,1756,중앙,211,6603,19401,41213,32757,16078,13311,14042,15815,16256,15881,16482,19872,22621,27421,17812,18170,17015,15599,6441,471,0,0,0
2020-04,안산선,1757,고잔,207,3927,10318,23104,16314,9447,8419,8579,8080,8030,8530,9354,10391,15460,18413,7744,5344,4922,3764,1503,94,0,0,0
2020-04,안산선,1758,초지,189,2572,6412,14148,10604,5068,3973,3917,3963,3670,3460,3437,4446,7217,8651,3976,2882,2128,1533,453,40,0,0,0
2020-04,안산선,1759,안산,1350,10332,10919,17837,16586,12446,10514,10665,12046,12688,12648,14149,15689,35021,38247,18051,16252,9663,3994,1116,81,0,0,0
2020-04,안산선,1760,신길온천,9,1488,2548,4845,4380,2062,1659,1640,1674,1638,1499,1654,1854,2871,3409,1481,1095,749,342,143,8,0,0,0
2020-04,안산선,1761,정왕,187,4862,7017,12952,10934,7273,6540,6193,6891,7001,6769,7331,9521,15017,20719,9192,7659,5283,2704,1150,31,0,0,0
2020-04,안산선,1762,오이도,180,5496,13193,27364,20581,10937,8831,8649,9629,9636,9139,10362,11335,16252,16840,10640,8056,6736,4682,1599,1,0,0,0
2020-04,안산선,1763,수리산,8,2420,8165,16085,15271,8033,5276,4816,4887,4977,4708,4853,4539,4536,4767,2778,1813,1348,890,317,65,0,0,0
2020-04,과천선,1450,선바위,0,773,5344,15507,19918,12537,6956,6381,6938,7586,7285,8181,11185,19556,28974,15055,8555,6687,3873,988,7,0,0,0
2020-04,과천선,1451,경마공원,0,186,698,1576,2482,1597,1179,1150,1174,1586,1557,1753,2134,2537,4515,1154,531,526,225,108,4,0,0,0
2020-04,과천선,1452,대공원,0,17,172,663,856,1118,1406,2225,4023,5040,7292,9958,12216,12329,10099,5010,3176,1600,319,122,4,0,0,0
2020-04,과천선,1453,과천,3,1122,4697,14045,14104,7837,4821,4727,5021,5421,5318,5929,10365,11279,6609,3179,1795,1321,895,292,6,0,0,0
2020-04,과천선,1454,정부과천청사,8,1332,4178,11762,10800,7511,5555,5986,6846,7827,8897,10337,15030,25649,41901,12373,8740,6980,3971,1172,14,0,0,0
2020-04,과천선,1455,인덕원,86,7340,23360,65240,60798,32551,21341,19453,21945,22359,20634,21752,26150,38690,68823,28067,19741,19248,13657,4491,60,0,0,0
2020-04,과천선,1456,평촌,10,2906,17029,48114,38955,20162,13973,13040,13783,13778,14036,16265,17518,31611,53984,24422,16985,14617,12265,3986,46,0,0,0
2020-04,과천선,1457,범계,73,6323,25953,69160,62526,30796,21460,22942,24964,25786,24994,27236,31665,38281,53458,33312,33427,27276,25659,9217,309,0,0,0
2020-04,분당선,1023,선릉,41,1135,1791,3138,4579,4092,4734,6090,7207,8908,9951,12932,21124,35973,66224,31316,18028,15969,14370,4577,96,0,0,0
2020-04,분당선,1024,한티,7,1397,5454,14473,17175,10402,8059,8936,11283,12906,13061,15716,18820,27179,34437,24573,24752,15616,21194,3729,115,0,0,0
2020-04,분당선,1025,도곡,26,807,2369,5592,8657,5529,4313,4790,5608,6173,6289,8198,10222,14513,18942,9757,6291,5811,4052,1042,28,0,0,0
2020-04,분당선,1026,구룡,9,300,931,1739,2689,1936,1563,1412,1672,1620,1569,1573,3345,3363,2688,1304,674,586,371,120,5,0,0,0
2020-04,분당선,1027,개포동,1,571,2294,6484,6928,4228,3059,2846,3784,3583,3837,3673,4347,5762,6391,4032,2729,2470,2137,718,17,0,0,0
2020-04,분당선,1028,대모산입구,1,1466,2869,6820,8141,5086,3657,3182,3149,3467,3257,3550,5679,8290,6681,3281,1991,1250,923,335,14,0,0,0
2020-04,분당선,1030,수서,73,2953,5700,18461,28319,17757,14582,11760,14314,13877,11347,16276,17464,25798,34628,16293,15490,10985,9481,4362,77,0,0,0
2020-04,분당선,1031,복정,0,0,0,0,0,1,2,1,0,0,1,1,0,0,1,0,0,0,0,3,0,0,0,0
2020-04,분당선,1846,수원,937,3859,6778,19706,21808,10530,6358,5583,6451,6756,6611,7394,8449,11275,15086,11242,9482,8403,6737,3208,92,0,0,0
2020-04,분당선,1847,서울숲,60,2035,4139,11502,18040,12864,6075,5655,6356,8187,8913,12083,18759,27484,35321,19219,11523,9449,6209,1723,16,0,0,0
2020-04,분당선,1848,압구정로데오,148,1529,3058,3779,5680,4782,5398,7515,10011,12357,15774,20350,26058,42794,67115,52486,43197,27856,21482,6804,130,0,0,0
2020-04,분당선,1849,강남구청,17,989,2248,4949,7201,6357,5113,5715,6760,8302,8939,10337,11526,19362,40533,21953,12201,11091,8061,2891,37,0,0,0
2020-04,분당선,1850,선정릉,7,857,1740,3220,5881,4665,3924,4505,5277,5967,6967,7736,9789,17938,38674,23217,10571,9181,6682,2177,54,0,0,0
2020-04,분당선,1851,가천대,36,4530,6003,14902,19688,12073,6522,5565,6614,6721,6489,6781,9576,12949,10704,6381,4290,3794,3545,1764,99,0,0,0
2020-04,분당선,1852,태평,162,13542,17664,32607,53046,33491,17888,14710,15270,15671,13965,13400,13825,15970,16621,9469,7434,5754,4241,1699,137,0,0,0
2020-04,분당선,1853,모란,223,13609,18914,43824,56851,41310,24586,23915,25388,26401,25678,26051,29460,28697,33992,20565,14391,13083,10651,5597,471,0,0,0
2020-04,분당선,1854,야탑,149,6176,15758,44087,52733,33050,23362,23887,26167,27010,27252,29508,32126,43674,66414,34127,25028,23363,16351,6652,432,0,0,0
2020-04,분당선,1855,서현,433,4285,10793,26031,31942,21541,17107,18922,21252,23860,25720,29634,31527,46942,66408,40563,40882,31427,25443,11444,830,0,0,0
2020-04,분당선,1856,수내,121,2333,5430,13720,17510,10937,7892,8859,10667,11848,13569,15421,17026,25464,36758,23081,21231,14174,12175,3574,233,0,0,0
2020-04,분당선,1857,정자,333,3240,8636,22775,26879,17926,11447,11644,13003,13873,15030,17695,20093,29844,45196,25662,19154,20391,19072,7813,1065,0,0,0
2020-04,분당선,1858,미금,540,2890,8914,19142,24970,19037,16305,16397,17452,18357,20089,22539,22706,27606,33052,17999,14905,15133,12910,4298,243,0,0,0
2020-04,분당선,1859,오리,706,3217,11156,24472,26356,16415,10972,10757,11449,11871,11695,12878,14239,19887,28052,13429,9366,8753,6072,2309,124,0,0,0
2020-04,분당선,1860,이매,45,2030,5211,11288,11862,7671,5382,5376,5433,5798,5919,5563,6524,8475,10664,5466,3468,3701,3568,741,96,0,0,0
2020-04,분당선,1861,보정,15,762,2639,7368,7659,4091,2710,2285,2254,2303,2286,2448,2392,2882,2914,1391,1081,940,758,358,35,1,0,0
2020-04,분당선,1862,죽전,1046,3774,11940,33560,29287,16718,10994,11104,12172,13124,13177,14395,16294,20953,25465,17087,21129,10042,7234,2784,43,0,0,0
2020-04,분당선,1863,구성,29,1972,5747,16230,15689,8061,5218,4479,4641,4678,4252,4250,4253,6063,6563,3222,2649,2017,1348,522,41,0,0,0
2020-04,분당선,1864,신갈,54,2177,6182,14626,15199,8329,5092,4766,4492,4945,4177,3849,4620,4505,4046,1820,1303,1224,927,424,30,0,0,0
2020-04,분당선,1865,기흥,109,4483,10916,28102,29881,14593,9406,8286,8691,8824,8220,8357,9490,12342,14784,8173,6635,6338,4628,1988,298,1,0,0
2020-04,분당선,1866,상갈,36,2245,7062,15239,15185,8274,5815,4928,5330,5338,4672,4541,5447,8252,9299,4939,3327,3051,1584,508,65,0,0,0
2020-04,분당선,1867,청명,29,1805,5092,13093,12945,5889,3328,3494,3527,3424,3193,3258,4252,5116,6330,3243,2217,1758,1570,626,86,0,0,0
2020-04,분당선,1868,영통,74,1631,5852,12692,12381,7925,6184,6487,7170,8395,8564,8985,10931,14182,18094,10009,9153,9598,9924,3954,491,0,0,0
2020-04,분당선,1869,망포,78,3962,13992,36431,33522,15784,9556,9694,10855,10868,10007,10529,13986,22908,34269,17111,11875,10431,8259,3320,357,0,0,0
2020-04,분당선,1870,매탄권선,107,2122,6440,13973,13354,6544,3875,3930,4193,4274,3778,3938,4426,6126,6698,3676,2568,2465,1908,659,97,0,0,0
2020-04,분당선,1871,수원시청,422,4694,8706,19611,18054,9942,7689,8850,11086,10801,11184,12923,16640,19844,28446,15328,13104,14677,12553,5459,500,0,0,0
2020-04,분당선,1872,매교,316,1893,2974,6130,6641,3199,2119,1997,2041,2132,2035,1964,2499,3293,3665,1864,1190,938,644,202,32,0,0,0
2020-04,일산선,1948,원흥,158,4632,11640,29293,30697,17058,10676,9535,9870,10002,8847,9332,10284,11883,12365,6345,4763,4220,3511,1286,18,0,0,0
2020-04,일산선,1949,지축,0,0,0,0,0,3,0,0,0,0,0,0,0,1,0,0,0,0,0,0,0,0,0,0
2020-04,일산선,1950,삼송,543,5984,21576,58201,60051,31006,20193,17543,17616,17853,16565,17261,20755,24439,25068,15637,12576,13647,6194,2105,6,0,0,0
2020-04,일산선,1951,원당,187,7705,17552,37120,37061,20926,15013,12912,13484,13570,12363,11434,12229,13687,13389,7615,5284,4269,2897,904,1,0,0,0
2020-04,일산선,1952,화정,84,8741,20859,44095,44953,26302,19788,19060,20460,20931,20272,20285,20533,23078,24564,14789,12292,12716,10558,4056,0,0,0,0
2020-04,일산선,1953,대곡,7,479,2062,5892,4826,2754,1867,1657,1772,1950,1954,2070,2282,2916,4629,1906,1011,929,647,350,12,0,0,0
2020-04,일산선,1954,백석,37,3389,8308,18461,19733,12765,11302,11719,12150,12474,12824,14885,14404,17853,22254,12132,8881,9328,7396,2540,0,0,0,0
2020-04,일산선,1955,마두,14,2417,7466,13092,12066,8744,8116,8822,8847,9490,9843,11471,11235,12243,15907,7194,5133,4848,3984,1001,0,0,0,0
2020-04,일산선,1956,정발산,27,1856,4214,7215,8038,6028,5497,6675,7571,9012,10392,12064,12682,15827,20428,11896,12410,8939,7782,2485,3,0,0,0
2020-04,일산선,1957,주엽,64,3908,12568,20920,19537,11804,9904,10442,10435,10001,9963,10858,11248,12208,11701,6919,6116,4329,4514,821,7,0,0,0
2020-04,일산선,1958,대화,97,5595,21005,50769,37450,21290,15580,14541,13907,13541,12842,13119,13106,15795,16922,9252,7324,5857,4309,1238,16,0,0,0
2020-04,중앙선,1015,회기,510,9669,17430,45392,55226,35925,26027,25717,28053,27680,28818,30707,32218,41804,37713,23543,18728,19237,17591,8869,418,0,0,0
2020-04,중앙선,1201,중랑,117,5472,7636,18536,19159,10831,7838,7056,6590,6585,6205,5679,5588,5588,6279,4406,3000,2506,1836,829,74,0,0,0
2020-04,중앙선,1202,상봉(시외버스터미널),435,5932,7354,17960,20037,11965,7877,6410,6897,6571,6492,5959,6299,7923,8620,5429,3733,3791,3287,1260,95,0,0,0
2020-04,중앙선,1203,망우,213,6667,10443,23755,21338,12662,9964,8656,9097,9317,8711,8070,8926,9928,10300,7228,4448,4173,2783,1231,76,0,0,0
2020-04,중앙선,1204,양원,28,1192,1764,4398,3404,2213,1766,1591,1669,1637,1756,2084,3063,2766,2017,1168,679,339,335,130,16,0,0,0
2020-04,중앙선,1205,구리,615,7822,15837,47744,41443,21097,15328,14893,15662,15093,13995,14506,16135,18385,19504,11646,10810,6737,6292,2143,143,0,0,0
2020-04,중앙선,1206,도농,645,5613,14684,41001,33934,16333,11710,10514,9947,9929,8707,8206,9820,10106,10520,5726,3777,3042,2286,976,111,0,0,0
2020-04,중앙선,1207,양정,151,376,654,1842,1329,921,841,959,991,1156,1222,1423,1804,2786,3181,1189,570,484,202,69,14,0,0,0
2020-04,중앙선,1208,덕소,1043,2896,8173,18830,17919,10186,7985,7052,6921,7614,6694,6722,6935,6843,6782,3998,3071,2655,1979,875,158,0,0,0
2020-04,중앙선,1209,도심,0,1230,4527,11448,7988,4337,2996,2393,2735,2933,2281,2427,2751,3606,3110,1595,1156,883,810,311,109,0,0,0
2020-04,중앙선,1210,팔당,0,179,390,1178,1177,1007,1049,1152,1173,1616,2301,3199,3514,3852,3102,2423,1884,1512,547,146,21,0,0,0
2020-04,중앙선,1211,운길산,0,146,660,1078,1199,841,769,1048,1333,2200,3225,4474,4439,4141,2594,1259,812,447,158,45,2,0,0,0
2020-04,중앙선,1212,양수,0,689,1468,4631,2899,2502,2394,2493,2383,3112,3564,4374,4893,4451,3861,1988,1758,807,509,228,17,0,0,0
2020-04,중앙선,1213,신원,0,61,154,326,279,234,209,273,384,544,796,1187,1100,984,761,285,110,40,28,17,2,0,0,0
2020-04,중앙선,1214,국수,0,466,870,1465,1352,1435,967,1052,1030,1486,1447,1745,1775,1478,926,606,407,266,95,69,13,0,0,0
2020-04,중앙선,1215,아신,6,299,562,1499,1090,873,733,835,808,878,1105,1069,1380,1302,947,619,423,237,107,67,4,0,0,0
2020-04,중앙선,1216,오빈,1,121,326,648,621,582,448,364,445,551,488,561,649,640,526,225,175,115,33,23,1,0,0,0
2020-04,중앙선,1217,양평,42,1056,2238,5302,3497,3282,4006,3389,3925,4359,4759,5175,4824,5375,5421,2621,2290,1935,1359,700,97,0,0,0
2020-04,중앙선,1218,원덕,20,245,339,619,659,626,554,436,514,626,871,1197,1371,1089,805,354,162,85,23,17,2,0,0,0
2020-04,중앙선,1219,용문,175,528,1378,2613,2665,1985,2593,2173,3527,4226,5194,6416,5893,4809,3279,1955,1012,739,282,102,1,0,0,0
2020-04,중앙선,1220,지평,0,0,1,251,106,0,233,0,0,0,0,16,510,6,23,144,0,0,0,0,0,0,0,0
2020-04,장항선,1401,봉명,92,748,1348,1721,1412,1712,1771,2014,1555,1212,1699,1803,1455,2107,1325,699,493,431,374,374,3,0,0,0
2020-04,장항선,1402,쌍용(나사렛대),97,1489,2617,5268,3813,2029,1818,1776,2202,1825,1974,1894,1799,2410,2552,1652,1405,1134,758,605,10,0,0,0
2020-04,장항선,1403,아산,12,641,1395,4049,3156,2056,1834,2236,2706,2524,2750,3760,3042,3723,5558,4359,2891,2890,1803,1340,50,0,0,0
2020-04,장항선,1405,배방,46,669,1067,1652,1538,1125,844,1011,1241,1126,1205,1234,1087,1758,2004,1339,732,719,437,392,22,0,0,0
2020-04,장항선,1407,온양온천,385,1550,2816,4838,5261,5191,3807,5276,5059,5966,6490,5457,5017,5177,6220,3112,2271,2057,1152,770,85,0,0,0
2020-04,장항선,1408,신창(순천향대),179,379,793,1634,907,1257,1175,1191,1437,1438,2059,1661,1965,3172,1876,1050,924,841,495,303,16,0,0,0
2020-04,경의선,1251,서울역,2,699,722,1722,2066,1117,998,1244,1725,1976,2427,2696,5048,13924,20788,10088,5554,2897,686,1289,0,0,0,0
2020-04,경의선,1252,신촌,0,156,260,406,402,342,431,479,615,479,618,779,1233,2752,2715,1140,988,916,881,351,1,0,0,0
2020-04,경의선,1261,효창공원앞,6,514,1406,3388,5138,3824,2187,2065,2266,2473,2395,2748,3343,5204,11372,5566,2964,2204,1799,753,50,0,0,0
2020-04,경의선,1262,공덕,30,385,1566,3676,3580,2789,2174,2312,2596,2991,3067,3418,4193,7017,13652,5966,4431,4413,3911,1795,120,0,0,0
2020-04,경의선,1263,서강대,1,440,1301,2263,2771,2195,1582,1716,1945,1981,2099,2503,3058,4219,4836,2948,2696,2676,3005,1120,100,0,0,0
2020-04,경의선,1264,홍대입구,9,348,680,1168,1253,925,753,778,1057,1286,1547,1659,2339,3526,5116,3865,3333,3849,4729,2136,138,0,0,0
2020-04,경의선,1265,가좌,0,1876,6197,15366,18574,8903,5996,5487,5718,5370,5483,5403,5909,6355,7146,4356,3102,2561,2008,791,28,0,0,0
2020-04,경의선,1266,디지털미디어시티,0,824,1759,7067,6742,3160,2195,2179,2312,2238,2297,2331,2906,3941,4012,2480,1526,1401,1116,645,46,0,0,0
2020-04,경의선,1267,수색,0,520,1141,2147,2273,1853,1463,1504,1584,1620,1760,2105,3283,6404,10353,4845,2449,1863,1452,528,23,0,0,0
2020-04,경의선,1268,화전,1,531,947,2529,2780,1944,1389,1486,1906,1985,2209,2171,2435,3458,3882,1882,1286,1032,770,460,34,0,0,0
2020-04,경의선,1269,강매,0,1477,4793,13869,13154,5486,3382,2843,3109,2785,2652,2159,2264,2463,2800,1236,845,867,474,216,10,0,0,0
2020-04,경의선,1270,행신,0,2659,9995,31805,26219,11196,7367,7609,7242,7148,6161,5819,7715,9375,8859,5077,5179,3750,3621,1539,299,0,0,0
2020-04,경의선,1271,능곡,3,1889,5014,13012,12391,6755,4657,4090,4106,4353,3880,3446,4021,4422,4613,2703,2069,1491,1049,495,57,0,0,0
2020-04,경의선,1272,곡산,0,135,484,1306,1137,698,509,469,481,565,653,1017,874,1265,1665,587,330,292,183,96,5,0,0,0
2020-04,경의선,1273,백마,4,2888,12133,27683,19890,9333,6400,6298,7063,6456,5828,6203,6962,8263,9482,4346,3128,3163,2685,904,79,0,0,0
2020-04,경의선,1274,풍산,2,2595,7972,19202,14671,8415,5473,5533,5747,5851,5443,5611,6071,6075,6957,3898,3203,3607,2005,735,98,0,0,0
2020-04,경의선,1275,일산,5,4976,16707,39893,25808,12891,9080,8980,9481,9054,8748,8281,9851,8455,9882,5442,4171,3617,3178,1079,200,0,0,0
2020-04,경의선,1276,탄현,44,3920,14154,32670,19709,10586,8102,7772,7591,7105,7090,7335,7351,7740,9150,5028,4051,3845,3082,1235,202,0,0,0
2020-04,경의선,1277,야당,14,3170,9962,18596,14966,7818,6150,5782,6090,5533,5532,5817,6495,7538,7458,5059,4290,4219,4073,1758,316,0,0,0
2020-04,경의선,1278,운정,18,2293,11800,21915,17712,7918,6362,5521,5995,5654,5194,5702,7049,7945,8175,3841,2937,2513,1751,536,81,0,0,0
2020-04,경의선,1279,금릉,35,2425,6494,13875,8873,5895,4946,5117,5265,4992,4710,4940,5505,6809,8253,3741,3332,2628,2438,909,122,0,0,0
2020-04,경의선,1280,금촌,55,2977,8160,15398,13185,8433,7348,7802,7630,8125,7486,7931,8767,10530,13068,6604,4906,3697,2527,846,181,0,0,0
2020-04,경의선,1282,월롱,18,413,629,1589,2058,1429,1379,1578,1971,2230,1847,2829,2808,6776,11314,3689,2880,1509,794,234,17,0,0,0
2020-04,경의선,1283,파주,28,666,1053,2134,2163,1400,1084,1182,1315,1424,1337,1765,1732,2171,3673,949,691,629,256,63,8,0,0,0
2020-04,경의선,1284,문산,746,2543,7072,12994,10247,7129,6189,5763,6884,7043,7226,7383,7673,9721,9963,4620,3437,2772,1649,428,0,0,0,0
2020-04,경의선,1285,임진강,0,0,0,0,0,18,140,6,3,6,6,277,254,549,0,0,0,0,0,0,0,0,0,0
2020-04,경의선,1291,서울역,0,0,0,0,0,0,0,0,0,0,1,0,0,0,0,0,0,0,0,0,0,0,0,0
2020-04,경의선,1295,김포공항,0,0,0,0,0,0,0,0,0,1,0,0,0,0,0,0,0,0,0,0,0,0,0,0
2020-04,경의선,1296,계양,0,0,0,0,2,0,0,0,1,0,0,0,0,1,0,0,0,0,1,0,0,0,0,0
2020-04,경의선,1297,검암,0,0,0,0,0,0,0,0,0,1,0,0,0,0,0,0,0,0,0,0,0,0,0,0
2020-04,경춘선,1311,신내,16,508,1362,3792,3923,2087,1517,1366,1411,1398,1450,1470,2091,2899,2172,1203,695,597,554,309,0,0,0,0
2020-04,경춘선,1312,갈매,7,1320,3348,14065,8303,5139,2817,2339,2636,2596,2456,2326,2931,2876,3962,2169,1740,2060,1266,681,9,0,0,0
2020-04,경춘선,1313,별내,6,872,1725,6671,6318,3862,2833,2437,2481,2438,2545,3043,4196,5345,4302,2428,1837,1726,1575,986,32,0,0,0
2020-04,경춘선,1314,퇴계원,6,2293,4680,15837,11399,6917,4368,3644,3960,3766,3219,3411,3298,3887,4753,2479,1618,1373,1065,434,31,0,0,0
2020-04,경춘선,1315,사릉,20,1797,4862,13990,11036,5217,3905,3326,3459,3462,2972,3029,2911,4618,5924,2828,1485,1271,801,288,29,0,0,0
2020-04,경춘선,1316,금곡,2,1157,2031,4270,4065,2432,2229,1749,1819,1759,1621,1826,1728,2043,3072,1068,637,512,478,220,16,0,0,0
2020-04,경춘선,1317,평내호평,459,4661,7150,21169,14285,7825,6859,5730,6548,5847,5664,5996,6414,7410,7389,4362,3367,3449,2803,1464,57,0,0,0
2020-04,경춘선,1318,천마산,4,852,2610,5832,4064,3402,2536,2031,2225,2048,2053,1761,1905,1822,1865,846,635,476,301,122,4,0,0,0
2020-04,경춘선,1319,마석,24,1222,4910,11845,7410,5768,4870,4323,5008,4124,4251,4338,5232,5342,6493,3055,2407,1923,1275,565,32,0,0,0
2020-04,경춘선,1320,대성리,0,95,382,821,620,697,733,935,948,1045,1371,1712,2069,1942,1617,651,386,183,100,64,1,0,0,0
2020-04,경춘선,1321,청평,2,870,1695,2331,2779,2438,2238,2960,2597,2364,2823,2873,3117,3489,2942,1466,964,663,430,130,4,0,0,0
2020-04,경춘선,1322,상천,0,73,214,440,511,421,410,546,557,799,1293,1559,1923,1353,823,325,111,85,60,22,1,0,0,0
2020-04,경춘선,1323,가평,0,554,1193,1918,2429,1897,2136,2671,1994,2050,2730,2919,3831,3865,3510,1692,1494,1028,594,256,17,0,0,0
2020-04,경춘선,1324,굴봉산,0,43,34,99,113,169,151,219,353,516,833,1107,849,705,318,138,64,25,7,2,0,0,0,0
2020-04,경춘선,1325,백양리,0,1,15,45,99,62,78,130,206,312,378,489,370,469,260,102,50,33,16,10,4,0,0,0
2020-04,경춘선,1326,강촌,0,53,130,200,402,309,315,444,549,787,1312,1761,2055,1944,1479,780,375,217,104,54,6,0,0,0
2020-04,경춘선,1327,김유정,3,70,120,328,273,208,244,289,391,617,766,1413,1227,1146,748,295,163,88,33,21,16,0,0,0
2020-04,경춘선,1328,남춘천,364,1157,2971,2700,3326,3468,3068,2910,2951,3628,4218,3857,3748,4072,3353,2511,2461,1722,1088,344,7,0,0,0
2020-04,경춘선,1329,춘천,249,252,1280,1081,1228,1531,1443,1476,1490,2221,2875,3352,3515,3323,2893,1707,1414,828,422,66,1,0,0,0
2020-04,수인선,1878,달월,0,6,5,105,74,99,72,69,90,120,97,169,150,624,247,93,42,20,9,7,3,0,0,0
2020-04,수인선,1879,월곶,2,1012,2591,6742,5502,3024,2306,2527,2570,3017,2714,2906,3128,3525,3890,2768,1882,1774,1068,609,5,0,0,0
2020-04,수인선,1880,소래포구,0,1841,4525,10696,8505,4260,4127,4810,6484,7916,10368,12080,11042,9449,7663,4996,3560,3437,2869,1528,95,0,0,0
2020-04,수인선,1881,인천논현,0,1657,4691,10712,9611,5696,4997,5285,5756,5898,6082,7037,7521,9717,11978,7130,6193,6570,4991,2820,305,0,0,0
2020-04,수인선,1882,호구포,0,1154,2714,4812,5559,3394,2702,2760,3330,3121,3236,3509,4041,10517,13216,4480,4731,2960,1475,960,105,0,0,0
2020-04,수인선,1883,남동인더스파크,0,438,762,797,1329,970,942,1136,1336,1563,1733,2479,2712,9649,12444,4042,2945,2076,528,196,27,0,0,0
2020-04,수인선,1884,원인재,24,2611,5542,10918,11567,6523,4511,4589,4928,5597,4684,4713,5212,6092,6778,3875,3163,3202,2296,1545,222,0,0,0
2020-04,수인선,1885,연수,0,1735,4472,10981,9063,5086,3993,4425,5017,5498,4938,5123,5533,6210,7567,4624,3854,4013,3742,2118,379,0,0,0
2020-04,수인선,1886,송도,2,1435,3040,7484,7161,3204,2567,2994,3223,3515,3201,2913,2852,3368,3420,2042,1302,1058,704,351,46,0,0,0
2020-04,수인선,1888,인하대,0,2089,6778,15997,12359,5317,4511,4742,4803,5275,5378,5512,6446,7235,8627,4764,3740,3541,3113,2154,73,0,0,0
2020-04,수인선,1889,숭의,2,2479,4304,9973,8021,4310,3798,4055,4118,3966,3989,4354,4565,7071,8021,3550,2093,1718,1290,700,7,0,0,0
2020-04,수인선,1890,신포,4,761,1030,2380,2015,1203,1220,1475,1585,1938,2010,2391,2662,3493,5406,2214,1816,1577,1031,563,1,0,0,0
2020-04,수인선,1891,인천,36,366,665,1548,1329,1010,977,957,1166,1215,1292,1363,2180,2184,1619,1000,670,511,319,85,2,0,0,0
2020-04,경강선,1501,판교,4,633,1367,3643,2320,1489,1387,1847,1911,2310,2747,4743,4874,9764,17786,12448,10815,7193,3448,1140,3,0,0,0
2020-04,경강선,1502,이매,6,486,1213,3337,2703,1327,929,924,943,965,925,1056,1002,1577,1833,898,746,820,890,237,17,0,0,0
2020-04,경강선,1503,삼동,1,804,2877,8313,10608,4800,2821,1935,2010,2063,1640,1515,1600,2336,2391,1165,749,588,408,97,3,0,0,0
2020-04,경강선,1504,경기광주,2,1700,9820,26189,27179,13972,7993,7041,7423,6878,5908,5429,6351,7071,7058,3792,2554,2108,1412,605,0,0,0,0
2020-04,경강선,1505,초월,0,1019,3452,8409,10113,5169,3021,2909,2866,2790,2266,2241,3035,3597,4394,1792,1235,934,487,165,0,0,0,0
2020-04,경강선,1506,곤지암,0,577,1568,4432,3928,2816,1930,2131,2071,1902,2007,2258,2610,4460,5115,1993,1258,794,327,152,0,0,0,0
2020-04,경강선,1507,신둔도예촌,0,410,1356,3334,2688,1527,1353,1167,1150,1025,1099,1179,1456,2445,2149,934,617,485,214,103,0,0,0,0
2020-04,경강선,1508,이천,8,645,1711,5089,4688,3073,2917,2921,2833,2946,2671,3052,3843,4328,5442,2848,2550,2053,975,387,0,0,0,0
2020-04,경강선,1509,부발,1,507,1543,3196,3225,2279,1841,1928,2395,1892,1773,2337,2817,4558,5133,2113,1872,1374,705,285,5,0,0,0
2020-04,경강선,1510,세종대왕릉,0,128,347,649,582,378,432,347,330,337,499,470,573,572,734,265,123,62,37,7,2,0,0,0
2020-04,경강선,1511,여주,1,784,2236,4031,3154,2167,2310,2211,2357,2360,2681,2916,3760,3317,2811,2374,1641,1089,498,142,1,0,0,0
2020-04,5호선,2511,방화,0,4159,9511,23080,20770,10600,7743,7508,8215,8146,7524,7371,8706,8681,9308,4872,3449,2769,1924,694,0,0,0,0
2020-04,5호선,2512,개화산,0,3051,5859,17198,15886,8338,5544,5583,5966,6342,5780,6075,6960,8995,10855,5097,3345,2661,2481,651,7,0,0,0
2020-04,5호선,2513,김포공항,5,411,1259,3736,4569,5068,4126,4618,6521,6843,7796,9305,9636,13578,18366,11643,11178,9041,5331,874,12,0,0,0
2020-04,5호선,2514,송정,53,3575,6721,17505,19097,12198,8664,7962,8135,8723,8074,8358,9436,11579,12754,7454,5138,4683,4024,1755,27,0,0,0
2020-04,5호선,2515,마곡,0,1725,5219,18160,17972,8695,6829,6618,6510,7523,8251,9757,14225,18224,22863,10702,6775,5384,3559,1455,5,0,0,0
2020-04,5호선,2516,발산,0,2992,7963,21096,21953,13149,11909,14004,16828,18679,20366,24712,30593,46954,65369,33679,23679,24714,20676,6955,22,0,0,0
2020-04,5호선,2517,우장산,0,4725,18103,45976,46031,24565,15682,15043,15707,15768,14530,14795,15399,16123,15310,10040,7192,6780,5661,1728,6,0,0,0
2020-04,5호선,2518,화곡,97,18639,34511,97717,124727,62195,34453,31257,31242,30448,26996,25502,27986,30720,32633,20826,15099,12566,10245,3866,7,0,0,0
2020-04,5호선,2519,까치산,97,21578,36070,103123,134351,68862,36607,32130,33471,32569,28167,26033,25929,27274,27777,19102,14747,12300,10298,4536,9,0,0,0
2020-04,5호선,2520,신정(은행정),36,9739,19140,52649,67363,31903,15283,12685,12868,12766,11001,9482,10438,11987,13265,7383,5178,3870,3904,1291,0,0,0,0
2020-04,5호선,2521,목동,0,6421,17493,51803,60807,29157,17622,16534,17273,18010,17202,17020,17860,22051,26212,14766,11523,12240,11664,4069,0,0,0,0
2020-04,5호선,2522,오목교(목동운동장앞),30,3527,12682,40179,45876,23490,16044,17181,19458,21620,22867,25406,31188,39773,60975,34982,37684,25591,22241,6591,1,0,0,0
2020-04,5호선,2523,양평,1,1755,5422,18268,21079,9803,5554,5437,5797,6075,5964,6446,7214,12868,28024,9622,5113,4194,3251,1185,2,0,0,0
2020-04,5호선,2524,영등포구청,1,820,1812,5914,9204,4213,2869,2986,3140,3804,3780,4276,4932,7374,15760,6281,3443,3186,2430,848,1,0,0,0
2020-04,5호선,2525,영등포시장,2,2277,4467,15261,21481,10746,6886,7810,8671,9382,9808,11328,13596,18521,27302,13362,8779,7617,5507,2212,0,1,0,0
2020-04,5호선,2526,신길,37,1603,2978,9222,14324,5545,2842,2585,2934,3332,2691,2744,3514,5484,10762,4611,2465,2602,1787,885,0,0,0,0
2020-04,5호선,2527,여의도,3,1983,3388,8144,11673,8745,8111,12151,11454,14739,17081,23459,31149,95649,143872,54852,34973,31930,21068,5733,8,0,0,0
2020-04,5호선,2528,여의나루,16,826,2192,3989,6348,3919,2830,3217,4107,5663,8546,13450,21793,40360,55818,28833,19407,15379,9782,3168,9,0,0,0
2020-04,5호선,2529,마포,15,2104,6382,20588,28206,14564,10123,10200,11243,13071,12385,13753,15806,26999,52490,20818,15441,15842,11705,4357,18,0,0,0
2020-04,5호선,2530,공덕,5,1710,4502,16411,22439,11586,8138,9757,10691,12537,12217,13674,16809,30143,57916,24351,16223,16816,12517,4962,23,0,0,0
2020-04,5호선,2531,애오개,20,1742,4782,15845,20646,10329,6466,6175,6330,7065,7078,7533,7390,11099,19973,8162,5234,4170,3470,1192,3,0,0,0
2020-04,5호선,2532,충정로(경기대입구),15,913,1801,4952,6464,3781,2947,3064,3543,4127,4093,4162,5296,11844,24899,8040,4283,3643,2590,842,3,0,0,0
2020-04,5호선,2533,서대문,8,2559,5014,14048,18370,12554,10385,11613,11716,12059,14134,17030,23081,43128,95161,29499,19376,15868,11130,3847,6,0,0,0
2020-04,5호선,2534,광화문(세종문화회관),6,875,2563,7390,10991,9488,8683,13337,14806,21118,25147,30313,42230,84933,177917,74014,45713,44381,27645,8608,3,0,0,0
2020-04,5호선,2535,종로3가,8,982,1610,2349,3149,3374,4468,7150,9541,12114,13718,16710,21016,30426,47331,27837,21930,23976,20377,7666,11,0,0,0
2020-04,5호선,2536,을지로4가,1,327,585,1008,1522,1736,2558,3600,4325,5436,6704,8252,9402,18774,31533,15650,7924,5661,3609,1543,0,0,0,0
2020-04,5호선,2537,동대문역사문화공원(DDP),2,172,475,625,1225,922,841,1300,1166,1407,2126,2546,3119,8486,17751,7747,3443,2723,2266,752,3,0,0,0
2020-04,5호선,2538,청구,0,1348,2523,5316,8860,5475,3783,4074,4177,4358,4306,4299,5344,6698,11796,7609,4562,3703,2681,1260,7,0,0,0
2020-04,5호선,2539,신금호,11,2351,5705,18078,23216,11867,7117,6447,6979,6708,5968,6251,7163,7584,7930,5747,4279,3137,2478,968,19,0,0,0
2020-04,5호선,2540,행당,3,3565,9420,26256,35884,17549,9620,8247,8720,8635,7608,7498,7148,7709,8765,5486,4172,3490,3227,1030,8,0,0,0
2020-04,5호선,2541,왕십리(성동구청),15,1662,1908,4625,7757,4165,3554,3915,4125,4689,4663,5548,6264,8635,12179,7782,6182,6658,5650,2727,24,1,0,0
2020-04,5호선,2542,마장,0,2034,4603,12760,17528,9415,6301,5890,6119,6065,6190,5967,6834,8292,10410,6496,3964,3566,3334,1100,17,0,0,0
2020-04,5호선,2543,답십리,3,7555,15027,46414,64379,30772,16650,14278,15489,15649,14759,14658,15835,21012,28851,16324,10167,8784,6194,2590,46,0,0,0
2020-04,5호선,2544,장한평,16,5835,14438,40316,57891,29317,16786,14172,16302,16777,16919,17833,22028,29391,48405,23795,13270,10899,8647,3504,33,0,0,0
2020-04,5호선,2545,군자(능동),34,6590,9903,27593,42137,18585,10230,9476,10739,11225,10283,10436,12213,14972,19251,12765,9381,9575,8527,3845,8,0,0,0
2020-04,5호선,2546,아차산(어린이대공원후문),8,7534,13802,35158,50645,26631,15789,14700,16115,18599,19414,19202,21091,21696,22089,15008,10638,9275,6617,2416,6,0,0,0
2020-04,5호선,2547,광나루(장신대),1,4135,12775,32224,39100,22434,13071,12257,13701,15634,15369,16386,19225,20786,26520,13012,8527,7717,6267,2152,0,0,0,0
2020-04,5호선,2548,천호(풍납토성),18,6112,9510,22459,28002,18539,16090,17795,20500,21798,23285,25833,30327,35411,43258,32736,30990,23011,18666,7944,7,0,0,0
2020-04,5호선,2549,강동,40,9870,19064,53455,66793,35757,21603,19728,20670,20524,19437,20575,21785,33967,44444,22452,13795,11265,8494,2870,7,0,0,0
2020-04,5호선,2550,길동,31,3895,7379,17960,22100,11599,8598,8168,8709,8622,8275,8621,9105,10695,13733,7694,5462,4548,3478,999,8,0,0,0
2020-04,5호선,2551,굽은다리(강동구민회관앞),0,5220,10847,28169,32347,16614,10441,9529,9912,10151,8895,8759,9083,10218,11831,6869,5050,4838,3935,967,4,0,0,0
2020-04,5호선,2552,명일,0,3795,10598,30551,27740,12957,9213,8073,8926,8720,8223,8180,8585,9220,8726,5070,3955,3686,2569,753,9,0,0,0
2020-04,5호선,2553,고덕,2,2926,11070,26636,21746,11682,8396,8413,8967,8575,9138,9354,11459,13956,11758,5904,4931,4504,4658,1247,10,0,0,0
2020-04,5호선,2554,상일동,8,7294,28341,88249,71642,29708,18670,15734,16458,16545,14523,13951,19733,22783,19239,9834,6233,5079,3347,864,0,0,0,0
2020-04,5호선,2555,둔촌동,3,3077,7456,19787,22623,12082,8331,7579,8412,8569,8569,9183,10768,12895,17035,9696,6414,5979,4271,1564,0,0,0,0
2020-04,5호선,2556,올림픽공원(한국체대),1,639,4304,9286,8820,5195,3665,3904,3944,4351,4348,5241,6880,8114,7756,3991,2476,1646,1478,446,1,0,0,0
2020-04,5호선,2557,방이,1,2005,6298,14988,14340,8356,5840,5752,6766,7282,6734,7198,7953,10682,17270,8982,6731,7550,8645,1384,0,0,0,0
2020-04,5호선,2558,오금,1,1074,2411,7779,7718,4805,3199,3001,3451,3732,3517,3810,4199,7074,12699,4392,2774,2455,2045,566,0,0,0,0
2020-04,5호선,2559,개롱,0,3134,6868,20097,18370,9539,6619,5776,6852,6832,5928,6413,7232,8324,11101,5151,3802,3213,2482,744,3,0,0,0
2020-04,5호선,2560,거여,0,3941,8472,25505,24005,12507,8106,7041,7785,7935,6940,6835,10451,11582,12019,5622,3862,3508,2448,769,1,0,0,0
2020-04,5호선,2561,마천,1,4776,7090,17147,16812,8748,5990,5205,5944,6040,5939,5881,7086,8297,7325,3748,2574,1960,1269,280,0,0,0,0
2020-04,6호선,2611,응암,10,9892,20204,56996,72224,37156,21432,19157,19701,19997,18244,16830,18229,18809,19373,12161,9288,8144,6579,2554,0,0,0,0
2020-04,6호선,2612,역촌,3,1921,4550,12389,13966,7109,4405,3710,4173,4412,3833,3562,3565,4138,4304,2504,1836,1471,1374,403,0,0,0,0
2020-04,6호선,2613,불광,18,1140,3017,8919,10124,5757,4297,4946,5754,6350,7228,7783,8378,8811,9133,6197,4466,4057,2727,863,0,0,0,0
2020-04,6호선,2614,독바위,0,1795,4039,11080,10960,5037,3210,2946,3289,3309,3194,3094,3302,2946,2492,1589,1209,880,653,344,1,0,0,0
2020-04,6호선,2615,연신내,0,0,0,1,1,1,1,0,1,0,0,2,1,0,2,0,1,2,0,1,0,0,0,0
2020-04,6호선,2616,구산,2,4528,8940,23520,29371,15219,9164,8662,8998,8594,7717,7490,8000,7995,7499,4893,3809,3388,3356,1000,2,0,0,0
2020-04,6호선,2617,새절(신사),4,8722,16241,44563,52543,26817,15844,13354,14560,14263,13035,11655,13112,13659,13655,9364,6335,5333,4299,1596,3,0,0,0
2020-04,6호선,2618,증산(명지대앞),13,6415,12557,32448,40550,21857,13426,10963,11911,12089,10733,9717,10521,11581,12286,7697,5610,4629,3959,1415,7,0,0,0
2020-04,6호선,2619,디지털미디어시티,60,5135,11035,32400,38277,19893,10746,10020,10208,10534,9965,10961,14742,25504,41714,19242,9521,7637,5811,2496,59,0,0,0
2020-04,6호선,2620,월드컵경기장(성산),0,998,1913,6791,8530,5356,4339,4816,5128,6035,8184,10223,13161,12443,10388,6942,4352,4128,2871,825,2,0,0,0
2020-04,6호선,2621,마포구청,17,5241,11431,30347,44094,27180,15910,13676,13741,14756,13681,13824,15354,19914,30708,16855,10056,9881,7600,3199,3,0,0,0
2020-04,6호선,2622,망원,10,4665,8334,21183,31203,20330,13762,12648,14948,15606,16236,17610,19521,23832,32785,24143,18031,18302,15765,6580,4,0,0,0
2020-04,6호선,2623,합정,6,3105,4681,10593,17344,12392,8625,9358,11168,12527,14216,15443,18167,25225,42116,26971,21858,25493,22782,10581,1,0,0,0
2020-04,6호선,2624,상수,15,1876,3869,7074,11335,6951,4743,4718,6057,7256,8073,9008,11413,15198,23351,16002,13761,16037,16488,9474,0,0,0,0
2020-04,6호선,2625,광흥창(서강),8,2509,5771,14863,18557,12040,8013,7700,8304,8610,8417,9266,10407,16623,27261,12979,7804,7123,4900,2022,4,0,0,0
2020-04,6호선,2626,대흥(서강대앞),10,1899,4325,11098,15508,10084,6832,6794,7253,8054,7874,8992,10241,14860,21373,10991,7823,7744,7694,2845,8,0,0,0
2020-04,6호선,2627,공덕,111,4123,6820,16742,22972,16286,11901,14002,14528,17023,17062,20632,23794,40272,72575,32457,22477,21929,17441,7846,78,0,0,0
2020-04,6호선,2628,효창공원앞,3,2010,4213,12538,20880,12023,7123,6431,6892,7339,7186,7447,8711,11610,18792,9697,5618,4923,3794,1665,6,0,0,0
2020-04,6호선,2629,삼각지,3,994,2301,5529,7776,5900,4043,4290,5048,5754,5767,7013,8417,13649,20452,10110,6534,6855,5410,2354,6,0,0,0
2020-04,6호선,2630,녹사평(용산구청),17,1081,1667,3577,6334,4608,3489,3363,3725,4632,5237,5799,8050,10673,14374,10607,8861,9608,8952,4095,1,0,0,0
2020-04,6호선,2631,이태원,1,4538,5440,8246,11460,8519,6467,7202,8609,9551,10628,12682,16112,20410,27195,22191,20662,24481,26438,14465,11,0,0,0
2020-04,6호선,2632,한강진,12,634,1155,2698,3627,3112,2241,2540,3395,4245,5645,8429,12958,19146,26776,20175,14897,16256,11863,3160,5,0,0,0
2020-04,6호선,2633,버티고개,1,681,1506,3949,5777,3719,2418,2148,2637,2551,2210,2756,2598,3620,5476,3080,1838,1350,1131,565,1,0,0,0
2020-04,6호선,2634,약수,5,1135,1530,3845,6015,4161,3332,3378,3989,3997,4270,4370,5141,7213,10504,6305,3946,4061,3280,1527,11,0,0,0
2020-04,6호선,2635,청구,4,1370,2728,5853,7648,4745,3213,3602,3390,3721,3675,3847,4881,6237,11542,7625,4704,3949,3022,1280,7,0,0,0
2020-04,6호선,2636,신당,156,8167,5293,5869,8141,8220,6190,7080,8696,7025,7644,8889,11398,14473,22005,13182,9934,9457,7626,3684,7,0,0,0
2020-04,6호선,2637,동묘앞,70,4113,3956,6662,9314,8465,7265,9277,11929,12153,14418,15802,17015,20351,22981,12101,7743,6183,4973,2057,5,0,0,0
2020-04,6호선,2638,창신,17,2136,4406,11907,14438,7030,3716,3342,3300,3336,2943,2858,3481,3895,4054,2391,2011,1535,1093,449,0,0,0,0
2020-04,6호선,2639,보문,14,3237,5942,16144,25054,13766,7872,7137,7767,8086,7781,7501,8992,10630,14504,8143,5841,5223,4202,2568,1,0,0,0
2020-04,6호선,2640,안암(고대병원앞),2,1357,2285,6211,8941,7136,7815,8422,9588,9722,11187,13395,16983,27680,25307,14830,12285,12949,13925,8055,5,0,0,0
2020-04,6호선,2641,고려대(종암),15,2910,5687,16135,20927,11535,6853,6681,7548,7658,7534,8090,10771,16457,16291,8156,5542,5355,4575,1894,5,0,0,0
2020-04,6호선,2642,월곡(동덕여대),8,5724,11020,32713,38033,19744,13067,11257,12228,12232,11449,11213,11667,14814,20165,11610,7902,7036,5725,2473,3,0,0,0
2020-04,6호선,2643,상월곡(한국과학기술연구원),7,4320,6810,19136,24004,12732,7356,6570,6491,6645,5794,5532,6065,6445,8440,6033,3144,2232,1837,948,0,0,0,0
2020-04,6호선,2644,돌곶이,10,5558,10397,26524,32546,16068,10799,9183,9467,11053,10878,9077,10106,10995,11746,9163,5222,6304,4875,1533,1,0,0,0
2020-04,6호선,2645,석계,696,6941,16784,42630,48580,25741,16189,13275,13890,13946,12474,11544,12026,12954,12725,10340,7093,6256,5644,3235,50,0,0,0
2020-04,6호선,2646,태릉입구,6,3594,5757,15188,18766,9032,5956,5248,5858,6255,5868,5484,5860,6846,7501,5091,3777,3534,2760,1573,8,0,0,0
2020-04,6호선,2647,화랑대(서울여대입구),14,4628,17195,50827,46431,21379,12199,10215,11181,10440,9648,9093,11385,11876,10622,6015,3787,3191,2628,1226,1,0,0,0
2020-04,6호선,2648,봉화산(서울의료원),11,4573,13073,42063,36131,16911,10458,8798,9357,9230,8257,7525,7807,9689,9139,4819,3751,3275,2673,1092,0,0,0,0
2020-04,6호선,2649,신내,0,0,0,0,0,0,0,0,0,0,0,0,0,1,0,0,0,0,0,0,0,0,0,0
2020-04,7호선,2711,장암,0,1149,5264,14170,9496,3132,1565,1256,1506,1798,2099,2648,3008,3724,3015,1729,997,630,321,116,0,0,0,0
2020-04,7호선,2712,도봉산,26,3902,14160,44254,34914,16439,9395,7807,9345,9462,10281,10621,11949,11390,10196,5640,3319,2142,1781,597,41,1,0,0
2020-04,7호선,2713,수락산,12,7923,18176,42554,41622,22719,15067,13727,14687,15995,16073,15800,16508,17272,17873,11443,7303,6001,4461,1777,19,0,0,0
2020-04,7호선,2714,마들,5,8194,18253,49578,45531,23278,15283,13509,13727,13020,11296,10974,11377,10844,9571,6275,4446,3447,2842,1044,9,0,0,0
2020-04,7호선,2715,노원,36,7512,12636,31067,31150,22402,20728,22279,23201,25637,26329,28283,30047,32539,39448,25682,24730,19158,21993,7265,58,0,0,0
2020-04,7호선,2716,중계,19,7932,19710,53077,54614,27934,17738,15351,15771,14930,12880,12897,13702,14766,14122,8565,6140,5280,4817,1553,11,0,0,0
2020-04,7호선,2717,하계,4,6548,19824,57250,60404,31785,20821,19377,20084,19425,18260,19468,21277,22419,21060,13452,9669,9435,8422,2457,10,0,0,0
2020-04,7호선,2718,공릉(서울과학기술대),18,5536,11842,30088,35838,20057,13242,12002,13005,13181,13183,12964,14071,16878,19501,11731,9041,8173,7546,3481,2,0,0,0
2020-04,7호선,2719,태릉입구,103,6138,6057,16927,21985,13764,8913,8048,8958,9029,9298,9453,10351,13852,15561,9638,6714,6588,5278,2333,17,0,0,0
2020-04,7호선,2720,먹골,37,6536,10605,31313,38801,22477,13145,11017,11700,11701,10918,10055,10715,12282,13705,9444,6177,5514,4104,2054,4,0,0,0
2020-04,7호선,2721,중화,4,7744,12162,31159,42727,23777,14114,11283,12236,12204,11089,10787,12003,14220,15683,10810,6782,6368,4861,2010,21,0,0,0
2020-04,7호선,2722,상봉(시외버스터미널),254,9585,16807,43378,60347,32022,17859,15550,16877,17721,17219,17878,20449,26521,28961,20497,14807,14254,11345,5230,52,0,0,0
2020-04,7호선,2723,면목,33,11414,19652,47760,64715,35517,19167,16399,16981,16755,15205,14250,15629,17120,18516,15024,9131,7003,5184,2424,10,0,0,0
2020-04,7호선,2724,사가정,10,9631,17534,42201,55721,32600,19587,17003,18260,18187,17182,16783,18479,21545,22579,16755,11738,10065,8015,3862,3,0,0,0
2020-04,7호선,2725,용마산(용마폭포공원),2,4626,9042,19401,26191,14488,7688,6172,6427,6705,5876,5721,6417,6613,6854,4456,2481,2216,1633,794,3,0,0,0
2020-04,7호선,2726,중곡,2,4835,10299,26027,39888,22905,12034,10228,10276,10751,9792,9364,10478,12893,11696,8486,5810,4448,3383,1581,5,0,0,0
2020-04,7호선,2727,군자(능동),25,7630,11864,29196,49764,31821,15982,13280,14157,14849,14106,14686,16857,20803,27317,18221,13341,13026,11057,5183,12,0,0,0
2020-04,7호선,2728,어린이대공원(세종대),4,3097,5471,13661,24840,17189,9375,8087,9836,11071,12050,14325,18341,27377,28645,16300,11951,12338,12349,5831,15,0,0,0
2020-04,7호선,2729,건대입구,21,3825,4363,9999,16311,12482,9275,9565,10445,11697,13312,16930,20121,27559,29603,22475,23873,20351,18116,9373,4,0,0,0
2020-04,7호선,2730,뚝섬유원지,1,4251,7552,17085,25019,16067,8299,6720,7094,8101,8945,11281,15637,20705,22374,16918,12721,10549,8084,3541,4,0,0,0
2020-04,7호선,2731,청담,19,2323,6159,8939,12215,9870,8432,9736,11976,13532,16579,23895,30103,52707,95128,52203,27929,25578,18491,5440,16,0,0,0
2020-04,7호선,2732,강남구청,8,1563,3371,5405,7432,6197,6249,7483,9094,11131,14035,19137,21152,35030,74109,47149,27217,26405,20978,7371,27,0,0,0
2020-04,7호선,2733,학동,1,1952,4134,6988,9354,8281,8196,9371,11573,13757,18114,23561,28398,57585,139361,71195,33724,29582,22419,7674,33,0,0,0
2020-04,7호선,2734,논현,36,3126,4457,7618,12694,10989,9369,10831,12681,15016,17529,21498,25887,47355,91515,55690,33152,32685,29975,13383,68,0,0,0
2020-04,7호선,2735,반포,0,919,2833,6552,9368,6458,4296,4327,5794,6304,6393,8164,10997,12368,15841,10145,7415,8431,7211,1977,7,0,0,0
2020-04,7호선,2736,고속터미널,12,955,2621,7635,12204,13150,13524,15423,16235,17187,18122,23803,25673,40809,42326,26417,26072,22567,18652,5326,15,0,0,0
2020-04,7호선,2737,내방,6,2035,5931,13414,21902,15699,10095,10129,10966,12843,13783,14795,18108,30074,60672,24061,15035,14568,11251,3586,8,0,0,0
2020-04,7호선,2738,이수,31,5037,7330,21515,35903,22318,14286,13737,15321,16627,17444,18500,20750,25368,38223,23368,20408,20864,19355,9769,47,0,0,0
2020-04,7호선,2739,남성,0,5149,10359,30980,47606,26769,13776,11785,11563,12539,11042,10313,10548,12026,13463,8599,6981,6895,5284,2224,16,0,0,0
2020-04,7호선,2740,숭실대입구(살피재),43,4812,9686,29553,43194,22812,12295,11061,11592,12706,12063,11681,13633,17847,16485,10236,8264,8314,7718,3937,19,0,0,0
2020-04,7호선,2741,상도,1,3706,9027,24759,35972,20346,11354,9799,10557,10875,10680,10695,12656,15936,16521,8871,6665,6592,6641,3218,13,0,0,0
2020-04,7호선,2742,장승배기,14,5850,10589,24866,38492,22271,11961,10250,10567,11247,10394,9839,10718,11722,14136,7928,6287,6382,5806,2128,20,0,0,0
2020-04,7호선,2743,신대방삼거리,19,8996,14908,42775,68160,36713,18693,16204,16887,16616,15577,15013,16753,20189,26080,14289,11264,9435,7963,3543,13,0,0,0
2020-04,7호선,2744,보라매,48,5457,6967,18196,27220,16417,8796,8349,8644,8706,9111,9435,12685,15632,29362,11000,7160,6503,5051,2035,12,0,0,0
2020-04,7호선,2745,신풍,69,9346,12714,31613,39678,22878,12222,10505,11038,11262,10124,10253,12830,15425,16739,9871,6631,5633,4470,1685,9,0,0,0
2020-04,7호선,2746,대림(구로구청),19,10858,7173,12171,16895,12716,8245,8137,9122,9403,9414,9852,11056,12740,14474,9221,6663,5425,3985,1948,10,0,0,0
2020-04,7호선,2747,남구로,21,17080,12639,23794,28196,18549,11875,10293,11355,11350,11162,11956,14870,32923,68133,32851,16658,11986,7899,3324,19,0,0,0
2020-04,7호선,2748,가산디지털단지,558,6371,7610,17122,18807,14266,13515,16851,21436,25924,29661,37821,52755,153569,270054,128896,70971,50685,30064,10337,96,0,0,0
2020-04,7호선,2749,철산,7,9440,24712,71421,77959,38430,22059,20393,21629,21731,20089,20829,23995,29930,31464,19704,16780,17356,14974,6640,72,0,0,0
2020-04,7호선,2750,광명사거리,118,21059,28852,72887,89547,46316,26796,23872,25606,26192,24112,24145,26803,30410,29547,20417,16101,12372,9039,3576,77,0,0,0
2020-04,7호선,2751,천왕,42,6329,12474,36379,44232,22860,11230,9279,9684,9859,8677,8347,10323,10039,10316,5994,4433,3485,2865,953,14,0,0,0
2020-04,7호선,2752,온수(성공회대입구),59,6825,13633,42119,49596,21667,9821,8526,8764,9031,7597,7415,9022,10881,11540,5702,3943,3618,2743,1189,31,0,0,0
2020-04,7호선,2753,까치울,6,3329,8599,24590,31440,15062,7808,7220,7508,8060,7521,7722,8375,9781,9525,6276,4683,3593,2742,951,1,0,0,0
2020-04,7호선,2754,부천종합운동장,15,2949,5043,14002,16543,8847,4600,4420,4866,4510,4038,4258,5077,6755,8984,4147,2419,2073,1297,485,0,0,0,0
2020-04,7호선,2755,춘의,1,4276,8312,20282,21111,11500,7353,6117,7014,7451,7265,7783,9635,22343,36787,13603,8909,7266,3948,1280,1,0,0,0
2020-04,7호선,2756,신중동,4,4927,13919,37592,37542,17904,12344,12192,13256,13764,13749,14924,15962,22169,37973,17522,17671,10456,9411,3976,6,0,0,0
2020-04,7호선,2757,부천시청,14,4831,13751,36201,35196,15554,10592,10358,11672,11372,11713,12998,14588,18261,21426,14402,15011,10077,8647,3072,8,0,0,0
2020-04,7호선,2758,상동,4,3698,12998,33112,31291,14675,10246,10590,12215,12964,13139,14816,17005,19812,25220,16802,13443,15141,13921,4476,45,0,0,0
2020-04,7호선,2759,삼산체육관,3,2411,8172,20381,18837,8367,4830,4577,4655,4465,4190,4048,4697,4512,4342,2589,1837,1455,1298,553,3,0,0,0
2020-04,7호선,2760,굴포천,2,5695,12845,30592,31086,15901,9061,8497,9215,8872,8023,7860,9023,9924,11901,6880,5273,5509,4687,2107,65,0,0,0
2020-04,7호선,2761,부평구청,27,7320,18148,54096,46349,21115,11337,9999,10543,9912,8654,8409,9046,12839,13330,7956,5868,4785,3702,1204,1,0,0,0
2020-04,8호선,2811,암사,27,11397,21387,64821,85950,43725,21036,17846,19115,18877,16725,15369,16531,18220,19800,12187,9156,7385,5638,2083,6,0,0,0
2020-04,8호선,2812,천호(풍납토성),41,10192,15301,36923,53105,32494,17107,15528,16820,17796,17371,17837,19549,24654,28845,20478,17803,13901,11296,5169,12,0,0,0
2020-04,8호선,2813,강동구청,24,4047,9006,25204,33514,19645,10303,9411,9475,10129,9579,9823,10700,14793,23184,10203,6824,6159,4520,1542,2,0,0,0
2020-04,8호선,2814,몽촌토성(평화의문),0,1207,2703,7097,10919,6916,4352,4180,4895,5251,5878,6962,9665,12018,18698,8371,5202,5164,3858,1910,1,0,0,0
2020-04,8호선,2815,잠실(송파구청),5,1229,3187,6528,11209,8038,7035,8308,9400,11602,14629,18441,21718,32924,52231,32537,28242,24432,13953,5842,12,0,0,0
2020-04,8호선,2816,석촌,3,2804,4451,13398,20836,11980,7660,7383,7925,8708,8279,8671,9373,11781,17136,10010,7556,7651,6375,2467,21,0,0,0
2020-04,8호선,2817,송파,2,2359,8017,24158,29317,16108,9889,8618,9113,9669,8933,9843,9883,11469,14602,7661,5305,4479,3172,1248,10,0,0,0
2020-04,8호선,2818,가락시장,16,2346,4442,8424,11103,8298,8262,7958,8065,8513,9826,11097,12071,15263,24136,11527,8911,9863,7574,3215,21,1,0,0
2020-04,8호선,2819,문정,0,2032,5412,18477,25898,16447,11743,12354,13384,15958,18592,20495,22490,53187,103795,41230,23201,21587,17623,4981,2,0,0,0
2020-04,8호선,2820,장지,3,5149,13586,38477,46233,24272,13958,12951,14860,15287,15898,17699,22215,27942,42781,26627,19738,20324,11320,3145,1,0,0,0
2020-04,8호선,2821,복정,5,3289,9016,25806,32947,19605,10372,8017,8706,8890,8910,9338,11060,17508,22117,13285,7937,6732,5388,1993,49,0,0,0
2020-04,8호선,2822,산성,0,4236,6334,15148,19781,11534,6643,5411,5872,6108,6100,5880,8033,8330,6685,3701,2400,1774,1284,566,1,0,0,0
2020-04,8호선,2823,남한산성입구(성남법원.검찰청),13,9006,17077,40099,53165,28611,15599,13993,13984,14128,13195,12458,13284,16463,19594,9561,5822,4472,2953,1187,2,0,0,0
2020-04,8호선,2824,단대오거리,7,7747,12788,28852,35668,19247,11966,10731,11043,11124,10495,9643,10346,14219,18184,10028,6033,4609,3376,1242,6,0,0,0
2020-04,8호선,2825,신흥,0,3715,5087,10680,13772,8530,5392,4947,5321,5597,5643,5725,5847,6397,6408,4169,3410,2551,2101,945,15,0,0,0
2020-04,8호선,2826,수진,4,3236,5320,13234,18010,10174,6288,5382,5880,6285,5175,5579,5914,5933,6595,3984,3132,2155,1581,766,7,0,0,0
2020-04,8호선,2827,모란,3,1867,2504,7519,9674,5933,4757,5277,6007,6310,6864,7797,8545,7812,8420,5357,3694,3471,3035,1673,4,0,0,0
2020-04,9호선,4101,개화,1,1542,4308,9702,6896,3061,1962,1854,1917,2142,2048,2337,3276,4427,5542,2359,1597,1516,394,181,0,0,0,0
2020-04,9호선,4102,김포공항,22,1419,2821,6821,8219,6150,5240,5184,7540,7203,7985,9237,9331,12794,15936,10867,12114,9660,5148,553,7,0,0,0
2020-04,9호선,4103,공항시장,0,2296,4010,7248,7918,5041,3675,3499,3673,3697,3419,3417,3399,3594,3643,2544,1933,1673,1380,615,0,0,0,0
2020-04,9호선,4104,신방화,8,3859,9549,21862,21865,11922,7670,6781,7378,7509,6786,6946,7681,7581,8340,4811,3861,3276,2797,923,0,0,0,0
2020-04,9호선,4105,마곡나루(서울식물원),3,2766,7192,21543,22254,11227,7285,7451,8760,9523,9515,10272,12067,19012,26363,13171,10581,10431,9500,3977,31,0,0,0
2020-04,9호선,4106,양천향교,2,3373,7579,21678,22586,12298,8348,8603,9728,9411,9782,10765,11940,15802,24713,11157,6151,5856,3917,1588,3,0,0,0
2020-04,9호선,4107,가양,43,12381,20953,58936,61054,34838,23224,21202,22210,21833,19466,20124,23255,29809,36071,19101,12281,10793,8248,2663,3,0,0,0
2020-04,9호선,4108,증미,2,1637,5508,16270,16597,8981,6317,6135,6436,6974,6783,7149,7931,11587,24028,8383,5103,4161,3200,1191,0,0,0,0
2020-04,9호선,4109,등촌,4,4176,10928,30365,36493,16973,11613,10887,11294,11332,10825,10932,11610,12609,15206,8046,5921,5154,3915,1819,0,0,0,0
2020-04,9호선,4110,염창,8,9360,21628,61538,66189,35387,19802,16541,17621,17410,14699,13530,14177,17116,21147,11557,8304,7694,6235,2544,2,0,0,0
2020-04,9호선,4111,신목동,0,1370,4943,15291,13452,6496,3758,3365,3651,3684,3238,3272,4067,4521,4972,2589,1720,1499,1461,517,1,0,0,0
2020-04,9호선,4112,선유도,4,1344,4158,14932,15947,8005,4607,5047,5661,6078,6287,6917,9668,15407,28706,12073,6371,5512,4134,1766,0,0,0,0
2020-04,9호선,4113,당산,44,5762,13808,40556,46029,27391,17199,17666,19419,19125,17807,17744,20199,27012,40033,21795,16693,16586,14653,6512,8,0,0,0
2020-04,9호선,4114,국회의사당,2,649,1303,2792,4852,4379,4699,7124,7271,9651,12410,15044,17696,54071,90645,32922,18353,16985,11373,3358,0,0,0,0
2020-04,9호선,4115,여의도,4,2245,3285,7262,8318,7989,8251,11898,11647,14926,16056,20506,29286,90763,115799,50980,31666,27929,18143,5184,5,0,0,0
2020-04,9호선,4116,샛강,15,873,1825,3656,4609,3219,2957,3520,3646,4577,5272,6522,8442,14431,22782,8912,6189,5636,4890,2100,1,0,0,0
2020-04,9호선,4117,노량진,179,13264,19551,48813,71893,41945,24036,23031,26944,29879,26306,26043,29599,38727,52163,27749,26880,34078,47747,11395,11,0,0,0
2020-04,9호선,4118,노들,14,2808,4091,12854,16206,9100,5318,4752,4795,5174,4539,4177,4244,4917,5067,3188,2253,1928,1533,559,0,0,0,0
2020-04,9호선,4119,흑석(중앙대입구),1,2807,4612,13238,16196,10241,7800,7695,8636,8773,9055,9549,10541,14700,13960,8077,6539,6179,5770,2694,0,0,0,0
2020-04,9호선,4120,동작(현충원),1,839,1300,3882,4983,3052,2007,1938,2060,2054,2060,1880,2306,2739,3317,1793,1267,1170,1007,383,8,0,0,0
2020-04,9호선,4121,구반포,5,467,1334,3163,3810,2855,2075,2264,2939,3075,3356,3551,4164,4870,7246,4170,2997,2629,2291,668,1,0,0,0
2020-04,9호선,4122,신반포,0,346,1451,3764,4628,2812,2131,2068,2329,2711,2832,3611,4659,5663,6543,3880,2486,2005,1432,541,0,0,0,0
2020-04,9호선,4123,고속터미널,11,1665,3694,11837,14351,10431,8803,10152,11902,13065,13534,15661,19332,22726,25316,21801,19489,13981,12152,3938,0,0,0,0
2020-04,9호선,4124,사평,15,662,2160,6869,6879,4070,2483,2564,2786,3086,2717,3191,4722,4692,5040,3196,1747,1404,1117,418,0,0,0,0
2020-04,9호선,4125,신논현,66,4224,11339,25562,33168,22824,17231,20348,25269,30060,31852,35638,43936,64598,93359,69902,50412,54105,51021,20990,13,0,0,0
2020-04,공항철도 1호선,4201,서울역,46,1586,1456,6442,8449,4910,4487,5543,7534,7530,6003,8216,9960,13410,17911,12420,9844,8905,6373,2825,2,0,0,0
2020-04,공항철도 1호선,4202,공덕,8,785,1356,4011,3977,2379,1428,1470,1703,1859,1737,1989,2163,3684,6801,3451,2316,2425,1790,1053,51,0,0,0
2020-04,공항철도 1호선,4203,홍대입구,69,1916,2774,6486,8359,5247,3933,4628,5757,7085,7823,9426,12288,17901,23163,18467,17638,19635,20093,8786,601,0,0,0
2020-04,공항철도 1호선,4204,디지털미디어시티,26,2088,4559,13351,14483,8199,5215,5418,6112,7008,7490,8993,12148,27509,68024,29241,15475,13451,10522,4266,271,0,0,0
2020-04,공항철도 1호선,4206,마곡나루(서울식물원),5,929,2446,7676,8578,4419,2529,3127,3613,3638,3770,5595,9579,29549,31550,13535,8045,5974,4189,1518,262,0,0,0
2020-04,공항철도 1호선,4207,김포공항,16,1444,2485,5500,7289,8462,8632,7720,11095,9019,10337,9675,9886,15273,19064,10836,12450,10064,8596,892,105,0,0,0
2020-04,공항철도 1호선,4208,계양,7,5741,16037,42436,38673,19038,11109,10055,10004,8804,7239,6797,8093,8649,7067,4269,3098,2743,1912,838,123,0,0,0
2020-04,공항철도 1호선,4209,검암,621,6030,12777,32849,24832,11960,7250,6886,6977,6259,5525,5557,6772,8061,12236,4462,3598,3041,2180,851,145,0,0,0
2020-04,공항철도 1호선,4210,청라국제도시,35,2863,13275,24520,15045,7002,4676,5374,5380,4993,4175,4688,6052,9384,16045,4247,3152,2463,2300,724,91,0,0,0
2020-04,공항철도 1호선,4211,운서,6,5329,7996,14195,15279,6582,6407,7701,8050,7317,7187,7357,9152,13260,10980,5866,5428,5030,4009,1793,223,0,0,0
2020-04,공항철도 1호선,4212,공항화물청사,1,381,1090,1466,2198,1454,605,652,942,1314,2011,2469,4455,8383,16226,4428,2166,2374,2349,706,2,0,0,0
2020-04,공항철도 1호선,4213,인천공항1터미널,0,657,1724,2539,5431,4488,1755,1867,2613,4409,4238,6398,5351,11179,18079,6425,4125,5359,2819,386,3,0,0,0
2020-04,공항철도 1호선,4215,인천공항2터미널,0,551,1108,1588,3295,2482,751,734,1199,1718,1911,3024,3102,6520,9846,3800,3003,3119,1746,287,0,0,0,0
2020-04,공항철도 1호선,4217,영종,5,1779,4730,7893,6818,4336,3332,3498,3496,3228,3134,3345,3882,4254,3286,2187,1833,1402,1008,629,103,0,0,0
2020-04,9호선2~3단계,4126,언주,3,1009,2064,4590,6798,5922,5601,6342,7351,7398,8940,10761,14084,25864,40513,21558,11944,10402,7338,2416,1,0,0,0
2020-04,9호선2~3단계,4127,선정릉,1,968,3068,6567,7601,5232,4237,5118,6154,7012,7618,8517,10870,20270,40767,25914,12319,10791,8923,2865,5,0,0,0
2020-04,9호선2~3단계,4128,삼성중앙,3,711,2146,4089,4443,3998,3333,3599,4196,5037,5803,6385,8273,15450,30012,15175,7921,7151,4954,1944,0,0,0,0
2020-04,9호선2~3단계,4129,봉은사,1,1256,3505,7539,7621,6640,5997,7899,9657,11828,13168,15458,20163,40261,65184,36838,24461,20321,11949,3567,1,0,0,0
2020-04,9호선2~3단계,4130,종합운동장,14,980,2856,7520,8437,5288,3277,3369,3735,4090,4068,4297,5261,7148,9019,5774,4603,4817,4617,1971,0,0,0,0
2020-04,9호선2~3단계,4131,삼전,5,2884,5086,13691,22152,15335,7515,6384,6861,7231,6370,6158,6381,7821,10086,5930,4509,3930,3286,1343,0,0,0,0
2020-04,9호선2~3단계,4132,석촌고분,5,2010,3736,11426,18670,12249,6359,5274,5696,6091,5756,5308,5997,7208,9740,5378,3794,3333,3061,1085,2,0,0,0
2020-04,9호선2~3단계,4133,석촌,1,2531,6573,16633,21747,14471,8164,7090,7879,8276,7475,7715,8292,9908,11786,7790,6107,6209,5712,1961,3,0,0,0
2020-04,9호선2~3단계,4134,송파나루,0,1485,2884,8496,11181,7477,3868,3941,3865,4452,4272,4312,4609,6071,8230,5170,4655,5195,4063,1319,0,0,0,0
2020-04,9호선2~3단계,4135,한성백제,0,680,1796,4586,6282,3826,2170,2050,2337,2471,2460,2915,3504,4288,4976,2538,1798,1794,1316,440,0,0,0,0
2020-04,9호선2~3단계,4136,올림픽공원(한국체대),0,943,4833,11188,13386,8495,4636,4291,4806,5084,4967,5656,7644,10697,11319,5391,3469,2856,2377,829,0,0,0,0
2020-04,9호선2~3단계,4137,둔촌오륜,3,103,604,2209,2805,1351,836,763,770,906,909,947,1465,1677,1702,835,349,337,257,85,0,0,0,0
2020-04,9호선2~3단계,4138,중앙보훈병원,7,1887,8331,25513,26016,17001,11921,11450,10491,8168,10988,11890,11580,14725,11434,5346,3706,2609,2032,648,1,0,0,0
2020-04,우이신설선,4701,북한산우이,7,968,2023,6631,7419,3970,3304,3393,4571,5110,6202,7026,7324,6650,4240,2889,1880,1177,587,248,1,0,0,0
2020-04,우이신설선,4702,솔밭공원,1,1596,2792,6915,7333,4759,3464,2964,3028,2867,2732,2865,3023,2502,1906,1405,977,645,571,258,4,0,0,0
2020-04,우이신설선,4703,4.19민주묘지,1,982,2392,5773,7202,4722,3644,3586,3977,4277,4359,4664,4656,4201,4253,2321,1766,1330,919,409,0,0,0,0
2020-04,우이신설선,4704,가오리,4,1739,4751,12523,13190,8284,5814,4973,5134,5246,4659,4181,4266,4619,3572,2784,1672,1280,1065,516,8,0,0,0
2020-04,우이신설선,4705,화계,0,1472,3306,9238,11500,6568,4846,4276,4211,4303,4052,3587,3632,3610,3393,2689,1582,1144,748,350,0,0,0,0
2020-04,우이신설선,4706,삼양,0,1001,1810,4906,6419,4230,3315,2792,2745,2927,2778,2565,2430,2325,2270,1591,1151,769,550,197,0,0,0,0
2020-04,우이신설선,4707,삼양사거리,0,984,2165,5207,7197,4599,3849,3425,3613,3600,3110,3184,2965,2905,2771,2431,1603,1067,970,389,0,0,0,0
2020-04,우이신설선,4708,솔샘,2,2056,6958,22298,22839,12242,7194,6047,5964,6457,5318,4934,5396,4803,3991,2709,1870,1313,1150,501,1,0,0,0
2020-04,우이신설선,4709,북한산보국문,8,1575,4992,15334,18529,11746,7476,6880,6879,7486,6888,6694,6582,7332,7767,4943,3256,2702,2300,1105,0,0,0,0
2020-04,우이신설선,4710,정릉,3,1584,4030,10713,11896,9328,6582,5729,5980,5933,5373,5086,5342,5671,6192,3554,2382,2073,1460,597,0,0,0,0
2020-04,우이신설선,4711,성신여대입구(돈암),10,623,945,2415,4412,3250,2923,3284,3762,3731,4085,4407,4807,5083,6907,4897,4165,4784,3967,1724,0,0,0,0
2020-04,우이신설선,4712,보문,8,339,636,1563,3022,2238,1772,1904,1985,2170,2111,2078,2138,2738,3415,2252,1521,1147,987,461,1,0,0,0
2020-04,우이신설선,4713,신설동,14,750,828,1023,1601,1441,1450,1662,1912,2095,2523,3502,3603,5157,9162,4329,2576,2202,1549,609,7,0,0,0
