사용월,호선명,역ID,지하철역,유임승차,유임하차,무임승차,무임하차
2020-10,1호선,1,서울역,924642,867575,164817,154920
2020-10,1호선,10,동묘앞,129868,140413,148493,150601
2020-10,1호선,2,시청,432235,441369,59314,56895
2020-10,1호선,3,종각,742425,733823,113554,107509
2020-10,1호선,4,종로3가,401426,367992,267189,250128
2020-10,1호선,5,종로5가,334699,347996,222073,215046
2020-10,1호선,6,동대문,215609,223103,109800,113115
2020-10,1호선,7,신설동,254511,256538,104533,100200
2020-10,1호선,8,제기동,219703,213229,253380,271939
2020-10,1호선,9,청량리(서울시립대입구),318848,312612,246843,252427
2020-10,2호선,11,시청,480522,468990,40673,36790
2020-10,2호선,12,을지로입구,835849,853385,81285,75743
2020-10,2호선,13,을지로3가,421423,420508,59600,58897
2020-10,2호선,14,을지로4가,225694,226029,76457,75084
2020-10,2호선,15,동대문역사문화공원(DDP),276598,316126,45262,47808
2020-10,2호선,16,신당,275287,280942,82584,85258
2020-10,2호선,17,상왕십리,295109,280136,52899,53026
2020-10,2호선,18,왕십리(성동구청),376780,310941,43658,37480
2020-10,2호선,19,한양대,182595,203531,11172,11787
2020-10,2호선,20,뚝섬,445338,481170,49083,49858
2020-10,2호선,21,성수,681643,762820,84808,86581
2020-10,2호선,22,건대입구,854490,950677,77091,79690
2020-10,2호선,23,구의(광진구청),500459,482716,85152,86528
2020-10,2호선,24,강변(동서울터미널),769026,743680,102892,101860
2020-10,2호선,25,잠실나루,284814,273307,66625,66766
2020-10,2호선,26,잠실(송파구청),1592058,1561033,150499,142520
2020-10,2호선,27,잠실새내,432342,443420,80790,81486
2020-10,2호선,28,종합운동장,175638,196573,32291,33846
2020-10,2호선,29,삼성(무역센터),1112181,1143465,87837,80784
2020-10,2호선,30,선릉,1105702,996180,168050,149880
2020-10,2호선,31,역삼,963598,1087474,121859,123353
2020-10,2호선,32,강남,1940463,1989674,139031,124122
2020-10,2호선,33,교대(법원.검찰청),681434,774106,121843,136410
2020-10,2호선,34,서초,457176,447248,60213,60712
2020-10,2호선,35,방배,372893,388515,60031,59049
2020-10,2호선,36,사당,826657,943727,150530,146356
2020-10,2호선,37,낙성대(강감찬),624856,593016,89549,91050
2020-10,2호선,38,서울대입구(관악구청),1091951,1069930,153365,147622
2020-10,2호선,39,봉천,505613,452004,118070,117708
2020-10,2호선,40,신림,1465312,1406394,186915,189272
2020-10,2호선,41,신대방,586090,556840,105157,106391
2020-10,2호선,42,구로디지털단지,1366317,1363215,138370,139983
2020-10,2호선,43,대림(구로구청),574803,584940,96685,99571
2020-10,2호선,44,신도림,1126074,1120633,159472,150880
2020-10,2호선,45,문래,445580,461219,63395,62766
2020-10,2호선,46,영등포구청,466416,478453,81983,81251
2020-10,2호선,47,당산,437400,503398,51504,55817
2020-10,2호선,48,합정,732410,800065,58017,58495
2020-10,2호선,49,홍대입구,1339966,1476241,81964,79278
2020-10,2호선,50,신촌,745935,787400,100277,98415
2020-10,2호선,51,이대,285258,298655,39673,40457
2020-10,2호선,52,아현,207859,194812,53904,53169
2020-10,2호선,53,충정로(경기대입구),206218,218202,40065,39864
2020-10,2호선,54,용답,52629,50864,15249,14582
2020-10,2호선,55,신답,29769,33773,8586,9157
2020-10,2호선,56,신설동,60815,56390,29007,30596
2020-10,2호선,57,도림천,25619,26428,6138,6774
2020-10,2호선,58,양천구청,133325,138965,37460,38111
2020-10,2호선,59,신정네거리,194405,197908,56944,58332
2020-10,2호선,60,용두(동대문구청),37294,38021,19529,20870
2020-10,3호선,61,지축,70618,67059,14869,15561
2020-10,3호선,62,구파발,449065,430114,99679,95804
2020-10,3호선,63,연신내,784466,727440,222459,212645
2020-10,3호선,64,불광,321750,351135,116065,128266
2020-10,3호선,65,녹번,312060,272412,61668,60852
2020-10,3호선,66,홍제,335995,312244,120817,118423
2020-10,3호선,67,무악재,75228,75109,24251,26191
2020-10,3호선,68,독립문,133800,146889,63419,63140
2020-10,3호선,69,경복궁(정부서울청사),424003,432637,65322,62426
2020-10,3호선,70,안국,428902,464603,64268,67354
2020-10,3호선,71,종로3가,181619,236855,46650,53828
2020-10,3호선,72,을지로3가,192019,211491,42517,41701
2020-10,3호선,73,충무로,25,0,4,0
2020-10,3호선,74,동대입구,165799,181395,30070,34540
2020-10,3호선,75,약수,262711,258390,68761,65088
2020-10,3호선,76,금호,166015,149820,46320,45239
2020-10,3호선,77,옥수,191109,197075,49370,49776
2020-10,3호선,78,압구정,668067,734324,105733,103566
2020-10,3호선,79,신사,690782,758622,58889,56565
2020-10,3호선,80,잠원,106035,105364,27228,26741
2020-10,3호선,81,고속터미널,1037161,1000447,135138,129822
2020-10,3호선,82,교대(법원.검찰청),280562,186935,53583,32941
2020-10,3호선,83,남부터미널(예술의전당),638483,649343,95001,96199
2020-10,3호선,84,양재(서초구청),798009,880993,119977,121485
2020-10,3호선,85,매봉,235782,228830,47987,44085
2020-10,3호선,86,도곡,109276,112779,20845,19046
2020-10,3호선,87,대치,229774,224695,47605,45465
2020-10,3호선,88,학여울,40534,41852,12174,11962
2020-10,3호선,89,대청,195333,176804,46094,44127
2020-10,3호선,90,일원,184400,180819,47574,46922
2020-10,3호선,91,수서,348323,346480,84981,83512
2020-10,3호선,92,가락시장,164955,164274,64704,63363
2020-10,3호선,93,경찰병원,148735,147910,34277,35131
2020-10,3호선,94,오금,132462,118645,23414,22571
2020-10,4호선,100,수유(강북구청),724327,715749,165326,164634
2020-10,4호선,101,미아(서울사이버대학),303090,281275,96271,97688
2020-10,4호선,102,미아사거리,582452,560746,153890,152795
2020-10,4호선,103,길음,425482,404716,94379,94068
2020-10,4호선,104,성신여대입구(돈암),455337,436222,70962,68692
2020-10,4호선,105,한성대입구(삼선교),294317,288931,60561,59706
2020-10,4호선,106,혜화,707776,730345,103287,101698
2020-10,4호선,107,동대문,383798,393797,129131,122363
2020-10,4호선,108,동대문역사문화공원(DDP),339894,322095,46801,42469
2020-10,4호선,109,충무로,523042,548072,97258,98319
2020-10,4호선,110,명동,419364,448222,47517,48648
2020-10,4호선,111,회현(남대문시장),419362,452790,143835,144242
2020-10,4호선,112,서울역,230955,357808,31253,36404
2020-10,4호선,113,숙대입구(갈월),281588,277986,43067,40342
2020-10,4호선,114,삼각지,90866,107860,19417,20619
2020-10,4호선,115,신용산,332911,350931,41228,41471
2020-10,4호선,116,이촌(국립중앙박물관),154489,172459,36646,39146
2020-10,4호선,117,동작(현충원),47705,50257,22546,21420
2020-10,4호선,118,총신대입구(이수),373087,412266,121777,127974
2020-10,4호선,119,사당,583049,499243,71775,71127
2020-10,4호선,120,남태령,24047,19204,7331,6799
2020-10,4호선,95,당고개,257799,227325,79232,78248
2020-10,4호선,96,상계,401296,360854,100459,98084
2020-10,4호선,97,노원,427590,495544,74232,73416
2020-10,4호선,98,창동,516526,545460,159514,165038
2020-10,4호선,99,쌍문,633820,555907,132840,130200
2020-10,경부선,121,서울역,137844,33590,8087,1846
2020-10,경부선,122,남영,211884,222009,31652,32988
2020-10,경부선,123,용산,782470,784729,102792,102132
2020-10,경부선,124,노량진,218991,221302,35067,32988
2020-10,경부선,125,대방,273998,280952,55197,54711
2020-10,경부선,126,영등포,870656,915719,193709,194152
2020-10,경부선,127,신도림,86208,86637,22429,24783
2020-10,경부선,151,신길,206792,170857,37551,34244
2020-10,경부선,249,구로,415003,432966,79994,77717
2020-10,경부선,250,가산디지털단지,378906,457559,28215,31232
2020-10,경부선,251,금천구청,237781,231532,66451,66965
2020-10,경부선,252,석수,225083,197103,41687,40834
2020-10,경부선,253,관악,153331,137619,45052,42235
2020-10,경부선,254,안양,539695,534810,92323,95859
2020-10,경부선,255,명학,186603,184390,36513,35306
2020-10,경부선,256,금정,568089,576765,92530,94620
2020-10,경부선,257,군포,159799,156741,30780,29909
2020-10,경부선,258,의왕,191092,188231,38387,38280
2020-10,경부선,259,성균관대,334649,331974,43906,44046
2020-10,경부선,260,화서,155235,149351,34686,34394
2020-10,경부선,261,수원,907033,957603,118668,122163
2020-10,경부선,262,독산,344084,361413,53836,54856
2020-10,경부선,263,세류,70408,66272,13299,13018
2020-10,경부선,264,병점,318263,318921,47635,46891
2020-10,경부선,265,세마,55724,50471,12440,11381
2020-10,경부선,266,오산대,75459,70608,14833,14248
2020-10,경부선,267,오산,231219,225340,36608,37653
2020-10,경부선,268,진위,34072,29287,6526,6138
2020-10,경부선,269,송탄,105938,100101,18057,17412
2020-10,경부선,270,서정리,147202,144209,22764,22413
2020-10,경부선,271,지제,62906,58367,7677,7203
2020-10,경부선,272,평택,293526,290654,53833,52390
2020-10,경부선,273,성환,87542,86745,15960,16406
2020-10,경부선,274,직산,15964,15964,3790,3746
2020-10,경부선,275,두정,124005,126128,16538,16691
2020-10,경부선,276,천안,117575,117015,40733,41180
2020-10,경부선,277,당정,135905,128648,24654,23695
2020-10,경부선,278,서동탄,34182,28776,7821,7649
2020-10,경부선,279,광명,75432,62062,6753,6310
2020-10,경인선,293,개봉,445218,442399,129378,135055
2020-10,경인선,294,오류동,236849,217005,74947,72531
2020-10,경인선,295,역곡,607674,589822,127182,128830
2020-10,경인선,296,부천,727201,735516,171268,173278
2020-10,경인선,297,송내,619682,613937,100604,99429
2020-10,경인선,298,부평,708597,781860,114708,115818
2020-10,경인선,299,백운,142186,136974,49218,49947
2020-10,경인선,300,동암,339224,337343,80195,80971
2020-10,경인선,301,주안,439181,396598,71222,64522
2020-10,경인선,302,제물포,222385,206602,51812,50968
2020-10,경인선,303,동인천,282154,266203,96948,94186
2020-10,경인선,304,인천,77888,57877,38530,34723
2020-10,경인선,305,구일,136994,139602,35991,35804
2020-10,경인선,306,소사,205461,193117,57565,56400
2020-10,경인선,307,부개,170303,156126,52070,50933
2020-10,경인선,308,간석,115111,108387,36689,34975
2020-10,경인선,309,도원,59226,59290,26456,27793
2020-10,경인선,310,온수(성공회대입구),144209,135859,40588,39568
2020-10,경인선,311,중동,182036,168141,56298,55892
2020-10,경인선,312,도화,69152,60578,29776,28695
2020-10,경원선,128,이촌(국립중앙박물관),78864,57967,22564,18929
2020-10,경원선,129,서빙고,35424,31817,12882,11944
2020-10,경원선,130,한남,84253,81682,25100,23363
2020-10,경원선,131,옥수,1230,847,86,75
2020-10,경원선,132,응봉,35126,29728,14707,13049
2020-10,경원선,133,왕십리(성동구청),313146,361836,50774,55943
2020-10,경원선,134,청량리(서울시립대입구),275209,293895,128070,134474
2020-10,경원선,136,외대앞,159689,154629,41014,40564
2020-10,경원선,137,신이문,167124,148943,57882,56544
2020-10,경원선,138,석계,172909,197498,55436,59558
2020-10,경원선,139,광운대,173762,166730,45382,44195
2020-10,경원선,140,월계,121175,109862,52734,50278
2020-10,경원선,141,녹천,88991,71725,33484,30389
2020-10,경원선,142,창동,10,0,1,0
2020-10,경원선,358,방학,160048,154539,92567,91516
2020-10,경원선,359,도봉,99836,91845,61989,61321
2020-10,경원선,360,도봉산,148686,83209,110733,88617
2020-10,경원선,361,망월사,143960,146566,60067,61717
2020-10,경원선,362,회룡,205629,199797,120103,119721
2020-10,경원선,363,의정부,404592,423742,92482,93539
2020-10,경원선,364,가능,126311,118468,47886,47378
2020-10,경원선,365,녹양,90616,85754,31425,30658
2020-10,경원선,366,양주,163247,149790,50546,50265
2020-10,경원선,367,덕계,55677,47658,17645,16903
2020-10,경원선,368,덕정,129454,124055,30771,30857
2020-10,경원선,369,지행,133459,130127,36669,36249
2020-10,경원선,370,동두천중앙,53644,51023,29456,29835
2020-10,경원선,371,보산,34513,30778,12014,11439
2020-10,경원선,372,동두천,35580,40747,18643,25921
2020-10,경원선,373,소요산,42081,33233,79369,70490
2020-10,안산선,280,산본,338991,367514,80516,81710
2020-10,안산선,281,대야미,108493,94561,27636,26169
2020-10,안산선,282,반월,93242,87731,26015,25658
2020-10,안산선,283,상록수,390327,379678,61091,61984
2020-10,안산선,284,한대앞,195828,194051,37482,37993
2020-10,안산선,285,중앙,414991,438178,47095,46489
2020-10,안산선,286,고잔,192372,181874,30025,28463
2020-10,안산선,287,초지,111078,114486,13610,13895
2020-10,안산선,288,안산,312411,279465,32685,29638
2020-10,안산선,289,신길온천,37548,33915,9344,9186
2020-10,안산선,290,정왕,219344,229369,21168,22678
2020-10,안산선,291,오이도,216649,211640,35174,35240
2020-10,안산선,292,수리산,82472,65859,27445,26183
2020-10,과천선,230,선바위,193191,161999,29292,28945
2020-10,과천선,231,경마공원,24853,24504,9063,8673
2020-10,과천선,232,대공원,77087,82380,50074,51382
2020-10,과천선,233,과천,101821,88289,29253,27681
2020-10,과천선,234,정부과천청사,191524,189232,38354,37868
2020-10,과천선,235,인덕원,513425,515752,86837,88746
2020-10,과천선,236,평촌,371762,367705,52667,52657
2020-10,과천선,237,범계,570639,563296,83214,80907
2020-10,분당선,143,선릉,266686,414064,34590,43866
2020-10,분당선,144,한티,299631,316235,52656,53177
2020-10,분당선,145,도곡,125842,125373,33654,32735
2020-10,분당선,146,구룡,34716,33664,11526,11455
2020-10,분당선,147,개포동,71998,73055,17855,18037
2020-10,분당선,148,대모산입구,65141,58697,23845,23543
2020-10,분당선,149,수서,296940,298689,53041,54950
2020-10,분당선,150,복정,5,0,1,0
2020-10,분당선,313,수원,202627,159768,27487,24315
2020-10,분당선,314,서울숲,217077,222751,24438,23622
2020-10,분당선,315,압구정로데오,392115,465928,37087,35932
2020-10,분당선,316,강남구청,190758,224646,30675,33573
2020-10,분당선,317,선정릉,161829,175668,21931,21306
2020-10,분당선,318,가천대,194814,216388,21442,22637
2020-10,분당선,319,태평,276024,257752,74870,77537
2020-10,분당선,320,모란,401852,397829,143789,155657
2020-10,분당선,321,야탑,527001,555862,119208,119075
2020-10,분당선,322,서현,516732,535262,95245,92612
2020-10,분당선,323,수내,254540,255762,61396,59459
2020-10,분당선,324,정자,348653,374812,55194,55165
2020-10,분당선,325,미금,305226,324760,84568,90206
2020-10,분당선,326,오리,230203,194318,61695,53362
2020-10,분당선,327,이매,109409,102758,32669,31394
2020-10,분당선,328,보정,45391,37534,17048,16192
2020-10,분당선,329,죽전,292475,320352,58731,61368
2020-10,분당선,330,구성,94923,97779,29861,30067
2020-10,분당선,331,신갈,88873,87102,22985,23042
2020-10,분당선,332,기흥,208378,195261,33609,33543
2020-10,분당선,333,상갈,113664,109310,25435,24595
2020-10,분당선,334,청명,91503,85481,15240,15154
2020-10,분당선,335,영통,186750,190519,22874,22812
2020-10,분당선,336,망포,313131,294402,30001,28967
2020-10,분당선,337,매탄권선,103902,98134,15185,14463
2020-10,분당선,338,수원시청,279499,317025,32975,33187
2020-10,분당선,339,매교,57067,57235,14401,14838
2020-10,일산선,374,원흥,191538,179813,46909,45737
2020-10,일산선,375,지축,2,0,0,0
2020-10,일산선,376,삼송,388393,369668,80682,80210
2020-10,일산선,377,원당,221981,205709,70413,68999
2020-10,일산선,378,화정,337526,349305,97688,100057
2020-10,일산선,379,대곡,37901,27765,12002,11495
2020-10,일산선,380,백석,197840,198650,61073,60001
2020-10,일산선,381,마두,135612,138637,53495,54691
2020-10,일산선,382,정발산,148592,156976,41549,39329
2020-10,일산선,383,주엽,153051,151684,69208,70728
2020-10,일산선,384,대화,274779,211461,65052,60860
2020-10,중앙선,135,회기,523839,506870,107461,105414
2020-10,중앙선,152,중랑,104291,98980,42818,42182
2020-10,중앙선,153,상봉(시외버스터미널),127566,124658,36130,34568
2020-10,중앙선,154,망우,144914,139061,60507,60801
2020-10,중앙선,155,양원,31056,31701,13852,14056
2020-10,중앙선,156,구리,286263,289560,72777,73014
2020-10,중앙선,157,도농,207846,185017,52828,51269
2020-10,중앙선,158,양정,14847,12715,9590,8881
2020-10,중앙선,159,덕소,115503,113484,42464,42812
2020-10,중앙선,160,도심,49974,37556,17014,15983
2020-10,중앙선,161,팔당,26517,28385,9535,9666
2020-10,중앙선,162,운길산,21820,20410,12848,12775
2020-10,중앙선,163,양수,41508,40669,21080,21167
2020-10,중앙선,164,신원,4648,3287,4509,3819
2020-10,중앙선,165,국수,13640,12882,8957,9050
2020-10,중앙선,166,아신,12328,11970,5685,5692
2020-10,중앙선,167,오빈,5316,4972,3714,3890
2020-10,중앙선,168,양평,56139,54235,29111,29367
2020-10,중앙선,169,원덕,5878,5598,5737,5620
2020-10,중앙선,170,용문,35172,34004,41096,40964
2020-10,중앙선,171,지평,1130,770,795,802
2020-10,장항선,224,봉명,20502,19844,9091,8630
2020-10,장항선,225,쌍용(나사렛대),45290,42666,10332,9888
2020-10,장항선,226,아산,71494,63007,9010,8390
2020-10,장항선,227,배방,22264,21773,5257,5131
2020-10,장항선,228,온양온천,68511,68732,38579,39661
2020-10,장항선,229,신창(순천향대),39144,37577,6770,6482
2020-10,경의선,173,신촌,16102,20623,3048,3429
2020-10,경의선,174,효창공원앞,55696,64089,12235,13581
2020-10,경의선,176,서강대,45613,44475,9060,8547
2020-10,경의선,178,가좌,99031,89793,37965,37211
2020-10,경의선,180,수색,48828,49654,12514,12517
2020-10,경의선,181,화전,34692,31605,8781,8585
2020-10,경의선,182,강매,62380,52019,15494,14820
2020-10,경의선,183,행신,169401,165484,28297,28881
2020-10,경의선,184,능곡,72234,64190,26193,25646
2020-10,경의선,185,곡산,11098,11798,5058,5007
2020-10,경의선,186,백마,143653,133043,26876,26765
2020-10,경의선,187,풍산,114425,106125,28280,27721
2020-10,경의선,188,일산,187944,182772,50421,50556
2020-10,경의선,189,탄현,160335,151685,31224,30303
2020-10,경의선,190,야당,132781,128550,26802,25945
2020-10,경의선,191,운정,132370,122103,29274,28955
2020-10,경의선,192,금릉,95350,93234,21481,21151
2020-10,경의선,193,금촌,135756,132811,37647,38289
2020-10,경의선,194,월롱,51078,48605,7583,8464
2020-10,경의선,195,파주,34082,25074,7235,6446
2020-10,경의선,196,문산,107356,103903,38525,38795
2020-10,경의선,197,임진강,628,503,645,641
2020-10,경의선,198,서울역,80210,100196,11928,15132
2020-10,경의선,199,공덕,74102,65199,11454,11205
2020-10,경의선,200,홍대입구,44119,50942,4285,4808
2020-10,경의선,201,디지털미디어시티,53979,50981,9540,9585
2020-10,경의선,202,김포공항,2,0,0,0
2020-10,경의선,203,계양,4,0,0,0
2020-10,경의선,204,검암,1,0,0,0
2020-10,경춘선,205,신내,28068,28765,11993,11788
2020-10,경춘선,206,갈매,60401,50747,16475,15806
2020-10,경춘선,207,별내,56462,53628,17397,16576
2020-10,경춘선,208,퇴계원,72636,65129,23491,22432
2020-10,경춘선,209,사릉,73609,68163,18644,18605
2020-10,경춘선,210,금곡,26338,24964,13656,13330
2020-10,경춘선,211,평내호평,119834,118461,37798,36293
2020-10,경춘선,212,천마산,28779,25738,16368,16740
2020-10,경춘선,213,마석,76444,73347,30391,30468
2020-10,경춘선,214,대성리,11966,10882,6197,5655
2020-10,경춘선,215,청평,32068,31365,16092,16183
2020-10,경춘선,216,상천,6170,4849,6028,5888
2020-10,경춘선,217,가평,43523,42941,17900,17682
2020-10,경춘선,218,굴봉산,2725,2710,2758,2805
2020-10,경춘선,219,백양리,1975,1848,1228,1337
2020-10,경춘선,220,강촌,13982,12527,6218,6404
2020-10,경춘선,221,김유정,8330,9592,4541,4890
2020-10,경춘선,222,남춘천,50593,51337,20678,21637
2020-10,경춘선,223,춘천,35644,31711,16403,13953
2020-10,수인선,340,고색,59144,58042,10387,9850
2020-10,수인선,341,오목천,55467,48415,8934,8922
2020-10,수인선,342,어천,11869,10839,3216,3361
2020-10,수인선,343,야목,4163,3747,1602,1596
2020-10,수인선,344,사리,76398,69292,13306,12548
2020-10,수인선,345,달월,1383,1255,878,642
2020-10,수인선,346,월곶,56507,51490,12920,12566
2020-10,수인선,347,소래포구,118021,116103,83196,82215
2020-10,수인선,348,인천논현,115578,123141,25789,26369
2020-10,수인선,349,호구포,73719,73711,15924,15856
2020-10,수인선,350,남동인더스파크,47330,52081,5970,5923
2020-10,수인선,351,원인재,91650,94694,26156,26426
2020-10,수인선,352,연수,97118,96732,23677,23484
2020-10,수인선,353,송도,51105,45361,19532,18969
2020-10,수인선,354,인하대,127349,119103,21991,21094
2020-10,수인선,355,숭의,74024,68676,23906,23096
2020-10,수인선,356,신포,36356,36755,11331,11534
2020-10,수인선,357,인천,19647,37861,13616,17686
2020-10,경강선,238,판교,97789,96962,10657,9474
2020-10,경강선,239,이매,23245,19040,5844,5581
2020-10,경강선,240,삼동,48863,43021,9563,9431
2020-10,경강선,241,경기광주,157383,146863,23246,23467
2020-10,경강선,242,초월,66391,61931,11187,11044
2020-10,경강선,243,곤지암,51293,51814,11347,11811
2020-10,경강선,244,신둔도예촌,27545,25135,5845,5762
2020-10,경강선,245,이천,57547,61090,11385,12140
2020-10,경강선,246,부발,44069,42708,6645,6706
2020-10,경강선,247,세종대왕릉,5656,5542,3318,3757
2020-10,경강선,248,여주,50148,49380,14205,13655
2020-10,5호선,385,방화,133396,124982,42424,40869
2020-10,5호선,386,개화산,103339,96742,30472,30173
2020-10,5호선,387,김포공항,172287,165667,24625,27203
2020-10,5호선,388,송정,134072,124299,43268,42073
2020-10,5호선,389,마곡,182755,177012,29623,28486
2020-10,5호선,390,발산,398742,421468,71414,69263
2020-10,5호선,391,우장산,288039,278821,71764,74728
2020-10,5호선,392,화곡,601385,550243,118006,112226
2020-10,5호선,393,까치산,621172,581440,130594,131390
2020-10,5호선,394,신정(은행정),300983,228494,50719,48785
2020-10,5호선,395,목동,361701,390858,68907,69835
2020-10,5호선,396,오목교(목동운동장앞),496401,543936,69527,69294
2020-10,5호선,397,양평,148369,146680,23030,22673
2020-10,5호선,398,영등포구청,79321,79797,16902,16532
2020-10,5호선,399,영등포시장,174227,180978,50647,51392
2020-10,5호선,400,신길,84190,90730,9824,10172
2020-10,5호선,401,여의도,528059,567154,39958,37409
2020-10,5호선,402,여의나루,205729,211729,21587,20485
2020-10,5호선,403,마포,275529,291897,49754,49427
2020-10,5호선,404,공덕,296198,320119,36339,34252
2020-10,5호선,405,애오개,135596,136278,29299,28548
2020-10,5호선,406,충정로(경기대입구),99875,100314,11835,12126
2020-10,5호선,407,서대문,353604,362778,52380,49183
2020-10,5호선,408,광화문(세종문화회관),654622,690214,56536,54740
2020-10,5호선,409,종로3가,243631,241637,79677,85637
2020-10,5호선,410,을지로4가,100257,106401,38459,38271
2020-10,5호선,411,동대문역사문화공원(DDP),54159,64973,6487,7126
2020-10,5호선,412,청구,78949,76136,21529,16943
2020-10,5호선,413,신금호,126788,125818,30572,34505
2020-10,5호선,414,행당,166244,145274,41371,36681
2020-10,5호선,415,왕십리(성동구청),94171,109422,19390,18830
2020-10,5호선,416,마장,108414,99867,32257,31624
2020-10,5호선,417,답십리,330363,296898,67301,64885
2020-10,5호선,418,장한평,368478,361315,71178,71945
2020-10,5호선,419,군자(능동),246494,271901,33197,34234
2020-10,5호선,420,아차산(어린이대공원후문),305287,300439,84813,83069
2020-10,5호선,421,광나루(장신대),281762,255791,58770,56905
2020-10,5호선,422,천호(풍납토성),380181,380788,103017,108233
2020-10,5호선,423,강동,402699,371268,83799,79436
2020-10,5호선,424,길동,140816,146160,53023,54532
2020-10,5호선,425,굽은다리(강동구민회관앞),182922,171253,54518,50878
2020-10,5호선,426,명일,161882,163056,51122,52951
2020-10,5호선,427,고덕,175920,169595,46267,45763
2020-10,5호선,428,상일동,321549,276514,70015,65749
2020-10,5호선,429,둔촌동,160161,158518,49210,50019
2020-10,5호선,430,올림픽공원(한국체대),84919,75461,27454,24443
2020-10,5호선,431,방이,141803,146434,35546,34898
2020-10,5호선,432,오금,78516,76095,16181,15582
2020-10,5호선,433,개롱,127046,130286,36395,37782
2020-10,5호선,434,거여,154710,144354,45191,44473
2020-10,5호선,435,마천,106239,103801,44507,46252
2020-10,5호선,436,미사,265223,260423,43150,43168
2020-10,5호선,437,하남풍산,98633,96940,21019,22431
2020-10,6호선,438,응암,354491,341974,98750,95930
2020-10,6호선,439,역촌,68575,83135,27438,26335
2020-10,6호선,440,불광,88712,94209,34214,29167
2020-10,6호선,441,독바위,56657,58828,17419,21805
2020-10,6호선,442,연신내,15,0,0,0
2020-10,6호선,443,구산,147669,99384,38119,43059
2020-10,6호선,444,새절(신사),258731,235298,73738,73904
2020-10,6호선,445,증산(명지대앞),201837,191665,60698,61354
2020-10,6호선,446,디지털미디어시티,285675,309707,45912,46586
2020-10,6호선,447,월드컵경기장(성산),91555,98864,62366,62257
2020-10,6호선,448,마포구청,287990,252830,63616,56844
2020-10,6호선,449,망원,296525,330226,69624,72514
2020-10,6호선,450,합정,311765,309449,33180,30391
2020-10,6호선,451,상수,185598,221229,17655,17796
2020-10,6호선,452,광흥창(서강),176409,168038,37395,36750
2020-10,6호선,453,대흥(서강대앞),159257,164560,37261,36429
2020-10,6호선,454,공덕,377763,370810,61410,57888
2020-10,6호선,455,효창공원앞,142843,125383,34232,31748
2020-10,6호선,456,삼각지,130725,112408,13460,11063
2020-10,6호선,457,녹사평(용산구청),114313,118672,15969,15287
2020-10,6호선,458,이태원,248892,271881,26259,27152
2020-10,6호선,459,한강진,196465,236015,13534,13333
2020-10,6호선,460,버티고개,45791,42297,12527,14654
2020-10,6호선,461,약수,70199,71667,18642,18233
2020-10,6호선,462,청구,79264,79980,16184,18670
2020-10,6호선,463,신당,164875,175296,29540,27721
2020-10,6호선,464,동묘앞,158907,164123,61995,55788
2020-10,6호선,465,창신,73085,57992,15266,14234
2020-10,6호선,466,보문,158672,143588,25126,24152
2020-10,6호선,467,안암(고대병원앞),225625,230691,28111,26767
2020-10,6호선,468,고려대(종암),172194,164097,28019,28436
2020-10,6호선,469,월곡(동덕여대),221055,214001,60010,59647
2020-10,6호선,470,상월곡(한국과학기술연구원),124667,105972,33697,32477
2020-10,6호선,471,돌곶이,171980,155945,44779,44201
2020-10,6호선,472,석계,257686,260151,64563,64732
2020-10,6호선,473,태릉입구,113484,128859,25072,26991
2020-10,6호선,474,화랑대(서울여대입구),253792,194616,38786,34661
2020-10,6호선,475,봉화산(서울의료원),184163,165278,40985,40508
2020-10,6호선,476,신내,5,0,0,0
2020-10,7호선,477,장암,54396,22637,9347,6456
2020-10,7호선,478,도봉산,206349,242579,45138,66239
2020-10,7호선,479,수락산,262270,255113,81159,81609
2020-10,7호선,480,마들,238271,218705,68990,68515
2020-10,7호선,481,노원,402328,438579,95239,95790
2020-10,7호선,482,중계,290556,255919,74901,72103
2020-10,7호선,483,하계,370785,343956,85174,81074
2020-10,7호선,484,공릉(서울과학기술대),253299,251171,57424,57958
2020-10,7호선,485,태릉입구,183030,169424,36047,33544
2020-10,7호선,486,먹골,210120,199795,52695,52690
2020-10,7호선,487,중화,228688,218922,53593,53398
2020-10,7호선,488,상봉(시외버스터미널),382140,360563,59819,57210
2020-10,7호선,489,면목,327525,310629,79490,81607
2020-10,7호선,490,사가정,346903,340445,84822,84134
2020-10,7호선,491,용마산(용마폭포공원),128104,120693,30050,32717
2020-10,7호선,492,중곡,206851,186392,47951,48949
2020-10,7호선,493,군자(능동),305704,234188,60668,53158
2020-10,7호선,494,어린이대공원(세종대),277963,274707,33254,32916
2020-10,7호선,495,건대입구,279713,302417,41921,38192
2020-10,7호선,496,뚝섬유원지,193248,187466,35630,35898
2020-10,7호선,497,청담,405590,463285,57452,54909
2020-10,7호선,498,강남구청,338837,385939,38055,38225
2020-10,7호선,499,학동,490470,537429,48179,45633
2020-10,7호선,500,논현,440134,490634,42554,42446
2020-10,7호선,501,반포,122276,118886,26518,25491
2020-10,7호선,502,고속터미널,376148,295972,58526,50633
2020-10,7호선,503,내방,292597,299008,53256,51250
2020-10,7호선,504,이수,333821,331807,60478,57984
2020-10,7호선,505,남성,233417,209320,56415,55755
2020-10,7호선,506,숭실대입구(살피재),267639,267780,47537,49240
2020-10,7호선,507,상도,218145,209252,45603,44158
2020-10,7호선,508,장승배기,195877,185722,56941,57098
2020-10,7호선,509,신대방삼거리,344133,324005,71277,72818
2020-10,7호선,510,보라매,210310,207436,35759,34549
2020-10,7호선,511,신풍,237406,220346,54051,54132
2020-10,7호선,512,대림(구로구청),199700,203485,28161,27513
2020-10,7호선,513,남구로,341541,364466,49661,49683
2020-10,7호선,514,가산디지털단지,972651,976959,71857,68360
2020-10,7호선,515,철산,477391,490425,80492,80856
2020-10,7호선,516,광명사거리,470411,459794,124133,127446
2020-10,7호선,517,천왕,223137,206540,45556,44909
2020-10,7호선,518,온수(성공회대입구),235506,218828,33348,32338
2020-10,7호선,519,까치울,172866,163727,26080,26447
2020-10,7호선,520,부천종합운동장,97839,83303,16786,16535
2020-10,7호선,521,춘의,205216,197689,27257,26260
2020-10,7호선,522,신중동,309256,309516,44248,42435
2020-10,7호선,523,부천시청,272433,272422,44846,43455
2020-10,7호선,524,상동,284305,294452,41239,41444
2020-10,7호선,525,삼산체육관,101161,89916,20282,19462
2020-10,7호선,526,굴포천,192497,199871,28119,28531
2020-10,7호선,527,부평구청,261657,211942,25691,22397
2020-10,8호선,528,암사,388968,334643,84985,83461
2020-10,8호선,529,천호(풍납토성),336496,398272,69227,64792
2020-10,8호선,530,강동구청,203332,209657,51022,51568
2020-10,8호선,531,몽촌토성(평화의문),121503,127726,28481,27628
2020-10,8호선,532,잠실(송파구청),306037,362671,54537,52381
2020-10,8호선,533,석촌,150561,181388,40764,43202
2020-10,8호선,534,송파,160857,158146,43826,43578
2020-10,8호선,535,가락시장,145422,170401,54338,55770
2020-10,8호선,536,문정,437566,459342,46785,46213
2020-10,8호선,537,장지,379862,360713,61387,58301
2020-10,8호선,538,복정,231801,196828,37578,34679
2020-10,8호선,539,산성,157400,149908,37096,40509
2020-10,8호선,540,남한산성입구(성남법원.검찰청),290451,260742,67898,64663
2020-10,8호선,541,단대오거리,202368,188016,55832,53549
2020-10,8호선,542,신흥,83195,89534,33194,34271
2020-10,8호선,543,수진,95163,83349,37679,37338
2020-10,8호선,544,모란,74758,60581,46764,35916
2020-10,9호선,601,개화,53777,39310,12633,10710
2020-10,9호선,602,김포공항,205854,290498,15548,18547
2020-10,9호선,603,공항시장,52790,56649,19807,21364
2020-10,9호선,604,신방화,132471,125984,35628,35675
2020-10,9호선,605,마곡나루(서울식물원),240986,243202,23702,23170
2020-10,9호선,606,양천향교,190226,193264,36369,36114
2020-10,9호선,607,가양,404031,391342,105620,102517
2020-10,9호선,608,증미,135955,134597,34429,34873
2020-10,9호선,609,등촌,198112,191889,63526,64367
2020-10,9호선,610,염창,369133,357437,57802,56787
2020-10,9호선,611,신목동,79634,69800,16926,15913
2020-10,9호선,612,선유도,156963,151919,22383,21880
2020-10,9호선,613,당산,395901,393578,51579,46940
2020-10,9호선,614,국회의사당,313161,324989,36047,31634
2020-10,9호선,615,여의도,493999,480681,33390,31247
2020-10,9호선,616,샛강,106089,113564,19179,19033
2020-10,9호선,617,노량진,593887,595937,75340,76810
2020-10,9호선,618,노들,88465,73953,26130,24133
2020-10,9호선,619,흑석(중앙대입구),152429,158368,42724,42944
2020-10,9호선,620,동작(현충원),37256,29682,8756,7385
2020-10,9호선,621,구반포,51765,54140,17276,17629
2020-10,9호선,622,신반포,57935,57938,14793,14657
2020-10,9호선,623,고속터미널,279694,366456,44133,50395
2020-10,9호선,624,사평,60523,57954,13960,14134
2020-10,9호선,625,신논현,721968,745415,48678,45843
2020-10,공항철도 1호선,639,서울역,172425,156899,26026,23366
2020-10,공항철도 1호선,640,공덕,47972,63632,5591,6526
2020-10,공항철도 1호선,641,홍대입구,230842,239681,14403,13559
2020-10,공항철도 1호선,642,디지털미디어시티,293641,264614,18833,17484
2020-10,공항철도 1호선,643,마곡나루(서울식물원),167610,162957,10129,10040
2020-10,공항철도 1호선,644,김포공항,292066,163850,18664,12544
2020-10,공항철도 1호선,645,계양,222332,199870,23108,21234
2020-10,공항철도 1호선,646,검암,171661,168758,16391,16895
2020-10,공항철도 1호선,647,청라국제도시,152158,141200,9869,9570
2020-10,공항철도 1호선,648,운서,143227,144668,21857,21935
2020-10,공항철도 1호선,649,공항화물청사,48096,52949,7592,7584
2020-10,공항철도 1호선,650,인천공항1터미널,83251,86984,13432,13651
2020-10,공항철도 1호선,651,인천공항2터미널,44796,42414,4959,4444
2020-10,공항철도 1호선,652,영종,63265,64233,15953,15969
2020-10,9호선2~3단계,626,언주,202933,208251,20938,20937
2020-10,9호선2~3단계,627,선정릉,200600,220177,18818,19366
2020-10,9호선2~3단계,628,삼성중앙,135307,142548,17556,17251
2020-10,9호선2~3단계,629,봉은사,337756,346018,32530,30817
2020-10,9호선2~3단계,630,종합운동장,88745,86145,13746,12803
2020-10,9호선2~3단계,631,삼전,132171,127002,27581,26662
2020-10,9호선2~3단계,632,석촌고분,112125,108741,25192,24794
2020-10,9호선2~3단계,633,석촌,172675,148978,25710,22132
2020-10,9호선2~3단계,634,송파나루,90855,95559,18939,19285
2020-10,9호선2~3단계,635,한성백제,51753,45957,12336,10861
2020-10,9호선2~3단계,636,올림픽공원(한국체대),136304,140750,19121,19904
2020-10,9호선2~3단계,637,둔촌오륜,22752,19899,4605,4783
2020-10,9호선2~3단계,638,중앙보훈병원,166874,141972,62257,61915
2020-10,우이신설선,696,북한산우이,57590,52126,34123,35416
2020-10,우이신설선,697,솔밭공원,37235,33812,24594,25641
2020-10,우이신설선,698,4.19민주묘지,45957,44921,31491,27925
2020-10,우이신설선,699,가오리,64150,59478,38391,39041
2020-10,우이신설선,700,화계,51040,44380,34518,34598
2020-10,우이신설선,701,삼양,28770,29054,22947,25393
2020-10,우이신설선,702,삼양사거리,31906,31737,30658,30921
2020-10,우이신설선,703,솔샘,109557,96989,31090,31851
2020-10,우이신설선,704,북한산보국문,116854,106594,36119,36756
2020-10,우이신설선,705,정릉,77651,68973,38547,36290
2020-10,우이신설선,706,성신여대입구(돈암),56047,67783,24374,23579
2020-10,우이신설선,707,보문,25415,25390,12803,13283
2020-10,우이신설선,708,신설동,34202,35228,22702,20195
