사용월,호선명,역ID,지하철역,4:00:00,5:00:00,6:00:00,7:00,8:00,9:00,10:00,11:00,12:00,13:00,14:00,15:00,16:00,17:00,18:00,19:00,20:00,21:00,22:00,23:00,0:00,1:00,2:00,3:00
Oct-20,1호선,1,서울역,742,9080,10910,30876,55416,40016,39380,47975,56279,59742,49972,66332,70498,117347,170618,89282,60157,58415,41353,14988,71,10,0,0
Oct-20,1호선,10,동묘앞,132,3178,3276,5598,7558,6955,8393,13287,19154,27150,31753,35209,35160,33198,24124,9768,5473,4665,3041,1282,6,1,0,0
Oct-20,1호선,2,시청,30,1849,2920,5780,7239,7592,8683,12560,13633,17418,22359,29588,34831,63868,116917,45847,35862,34468,22497,7583,25,0,0,0
Oct-20,1호선,3,종각,118,2993,3477,5244,8042,10188,13597,20842,25926,32837,39817,51458,59233,114145,176710,79239,64265,71092,54573,22100,78,3,2,0
Oct-20,1호선,4,종로3가,229,3923,3693,4878,6775,9904,16904,28029,36197,43553,50161,55510,60941,70198,92624,54663,40178,41998,34907,13250,90,10,0,0
Oct-20,1호선,5,종로5가,47,1686,2432,4372,6835,10016,15987,24341,30170,35931,43675,48429,52331,69130,92073,45347,28410,23102,16935,5502,19,2,0,0
Oct-20,1호선,6,동대문,532,12218,8828,13721,17576,16953,15628,17447,20503,22146,24126,24503,25449,26456,24435,16300,12709,11700,9802,4337,36,4,0,0
Oct-20,1호선,7,신설동,351,8182,7745,15607,22221,16030,14181,16855,17791,20106,20425,22394,28191,38035,53207,20793,13252,12113,8556,2988,18,3,0,0
Oct-20,1호선,8,제기동,454,4560,7628,19552,28156,20605,24062,33407,39267,41580,44964,47688,42727,39556,35166,16207,10446,8416,6326,2302,14,0,0,0
Oct-20,1호선,9,청량리(서울시립대입구),1440,10486,14031,36547,43816,30326,28489,34249,37393,39732,43075,45513,49681,47206,40268,22565,17100,11870,8549,3294,60,1,0,0
Oct-20,2호선,11,시청,26,916,1805,4079,6268,7599,10261,14640,14759,19048,23458,27770,32000,70659,147523,50886,33678,30289,19433,6078,17,2,1,0
Oct-20,2호선,12,을지로입구,97,2011,2555,6646,11132,12488,14465,21884,27029,37019,42829,53310,63383,130703,210339,93746,85107,55163,35911,11298,13,6,0,0
Oct-20,2호선,13,을지로3가,9,835,1835,4387,7680,8218,9857,12522,13933,17597,20822,25167,30681,64117,110660,47227,31279,31641,29023,13496,29,8,0,0
Oct-20,2호선,14,을지로4가,5,921,1492,2595,4779,6131,7800,11044,13674,15368,18309,21685,25247,45059,61279,28548,15058,11620,8343,3177,16,1,0,0
Oct-20,2호선,15,동대문역사문화공원(DDP),243,6875,4636,5593,8622,8686,9313,12820,14336,16299,20382,25595,30095,37233,39952,25213,18419,18903,13145,5476,19,5,0,0
Oct-20,2호선,16,신당,29,5822,10439,23594,38674,23922,16374,16183,17997,19522,20126,20536,23042,27074,32471,20514,14991,12422,9984,4133,15,7,0,0
Oct-20,2호선,17,상왕십리,72,5317,11263,33990,53650,29450,18050,16972,17050,17385,15675,17215,17500,21834,26496,16119,10750,9526,7390,2301,3,0,0,0
Oct-20,2호선,18,왕십리(성동구청),828,6663,8835,23160,40268,25477,17378,17667,19493,20848,20671,22315,25346,31557,36843,23088,21025,22616,23546,12699,107,8,0,0
Oct-20,2호선,19,한양대,2,983,2215,4462,7684,5665,5278,7413,8563,9622,10617,13321,17268,26966,26506,13381,10223,11403,8475,3709,8,3,0,0
Oct-20,2호선,20,뚝섬,26,3400,7171,17452,24978,15923,12510,12711,15279,18303,20917,24812,31129,50396,103241,52397,30658,27436,19587,6073,14,8,0,0
Oct-20,2호선,21,성수,47,5092,8452,21797,28552,22036,18677,19439,22022,26396,29197,33883,43756,85276,181903,82577,47241,45226,34190,10678,12,2,0,0
Oct-20,2호선,22,건대입구,265,16062,20466,48418,81666,55961,32617,31299,36465,40507,41916,46036,52978,66096,80858,59037,59026,62883,66699,32226,85,15,0,0
Oct-20,2호선,23,구의(광진구청),45,12699,23314,58436,98171,58166,30701,26395,27572,27947,25448,24685,27500,32325,39709,21227,16281,15202,13792,5952,36,6,2,0
Oct-20,2호선,24,강변(동서울터미널),11,8253,23505,67028,97589,69686,52330,48997,48599,48621,45437,45300,49716,54781,61226,48610,39533,32174,22792,7689,26,15,0,0
Oct-20,2호선,25,잠실나루,3,2588,9969,34456,41338,25594,19319,19241,18781,18817,19453,20113,24884,29607,28159,13949,10241,7468,5472,1976,8,3,0,0
Oct-20,2호선,26,잠실(송파구청),73,10998,40059,94196,139059,101752,65540,65062,73077,80941,82104,92324,109621,147264,187707,128687,128931,102390,72322,20368,72,10,0,0
Oct-20,2호선,27,잠실새내,9,4459,13652,47605,63245,37613,24144,22661,25424,25877,23710,25166,29888,31251,35331,25853,22276,22000,22167,10747,34,20,0,0
Oct-20,2호선,28,종합운동장,5,1632,5129,15166,20708,15496,9548,8773,9385,9045,9317,10136,12262,15999,16242,10017,9366,17970,8639,3082,10,2,0,0
Oct-20,2호선,29,삼성(무역센터),191,4628,6470,14365,18650,18134,18806,28104,34746,44202,53477,67709,87269,156615,255905,144234,97252,80135,56023,13086,12,5,0,0
Oct-20,2호선,30,선릉,124,4563,10068,18432,27600,26469,28958,38453,45327,53915,62448,76659,106628,159574,253512,127236,77488,74030,62784,19439,37,8,0,0
Oct-20,2호선,31,역삼,142,3552,8015,13130,21532,21262,19590,26767,33031,38794,46483,60404,79607,155443,239858,122033,68805,65221,46198,15573,11,6,0,0
Oct-20,2호선,32,강남,168,10075,18331,33868,54804,44289,42147,58302,73311,89767,97372,122743,142216,216067,317292,199463,148834,173262,175770,61276,97,39,1,0
Oct-20,2호선,33,교대(법원.검찰청),17,2388,10842,21651,30434,24861,23466,28755,31804,37445,45453,50811,56369,86898,131810,63270,46730,50779,44693,14770,29,2,0,0
Oct-20,2호선,34,서초,24,1179,6509,12407,20143,21512,16995,20389,20925,25011,27232,33308,37873,62081,94365,42684,26060,25870,17850,4963,4,5,0,0
Oct-20,2호선,35,방배,11,2652,8632,20880,28727,23561,17049,17527,19071,21718,22466,25664,30360,41087,64054,27612,19334,19328,17174,6002,11,4,0,0
Oct-20,2호선,36,사당,123,11954,22868,65150,91587,66057,41116,37739,44346,46750,47619,48438,54159,65006,85223,58413,51992,56420,55511,26638,61,17,0,0
Oct-20,2호선,37,낙성대(강감찬),58,10896,23151,70864,112337,72253,38801,33050,35765,36125,32781,33670,35606,42031,46278,27569,20661,19472,16217,6794,21,5,0,0
Oct-20,2호선,38,서울대입구(관악구청),3904,27391,39269,113572,170405,109765,60304,54065,59222,60996,58411,62511,67909,75508,85711,51936,42738,43507,41115,17033,34,10,0,0
Oct-20,2호선,39,봉천,87,14778,25535,74160,110989,66300,35652,29431,31356,30889,27168,26694,28696,29008,31735,18638,14829,13261,10527,3935,11,3,1,0
Oct-20,2호선,40,신림,357,37958,69706,186562,279951,167023,90969,75991,80603,76641,71124,68757,76193,81266,84279,56735,46456,44278,39329,17971,58,20,0,0
Oct-20,2호선,41,신대방,142,23885,32768,80035,116759,71662,40670,33254,33083,32128,28168,27616,30832,34294,39771,22597,16739,12438,10142,4241,20,3,0,0
Oct-20,2호선,42,구로디지털단지,272,37732,49233,125002,167507,105952,60736,54377,59165,61032,56111,58284,70148,120063,207237,105463,60695,50724,39513,15388,41,11,1,0
Oct-20,2호선,43,대림(구로구청),646,34782,27392,60423,86280,58473,34870,30142,32778,32467,30049,31286,34219,42472,55026,27930,19902,15474,11725,5127,25,0,0,0
Oct-20,2호선,44,신도림,3796,34234,44676,117516,122304,78900,52255,51942,60018,62912,61691,64083,71494,90313,121432,72692,58381,57765,41479,17580,76,6,1,0
Oct-20,2호선,45,문래,11,3216,11128,38147,40741,24128,17614,17007,18677,20605,21196,22325,27405,46029,94643,35122,22555,22056,18693,7659,17,1,0,0
Oct-20,2호선,46,영등포구청,31,5354,11305,36496,42107,26947,20833,21723,23150,24407,25281,27654,32442,48343,95444,35339,24931,22924,17280,6396,8,4,0,0
Oct-20,2호선,47,당산,75,6315,14559,40868,51111,30535,20889,20327,21717,22404,21178,21688,25932,39633,60214,28014,20154,19281,16918,7069,21,2,0,0
Oct-20,2호선,48,합정,88,7567,15555,38599,50695,33686,24218,25556,28457,33017,34443,37415,45188,62888,99813,67647,50506,56023,55436,23553,60,17,0,0
Oct-20,2호선,49,홍대입구,624,17977,22805,54503,67545,44983,33557,39103,47599,58846,60472,72286,91454,118595,150985,114767,108287,127677,132980,56375,464,46,0,0
Oct-20,2호선,50,신촌,70,6049,11653,28979,40574,29538,28349,32604,40929,43541,46451,52116,62092,79100,82647,57988,57057,59440,62626,24351,40,18,0,0
Oct-20,2호선,51,이대,32,2441,5865,17031,21977,14027,10947,12346,17793,19432,17297,20303,27007,36310,32460,19646,16324,16295,13342,4053,3,0,0,0
Oct-20,2호선,52,아현,17,4725,9063,24269,32537,19234,14057,13727,15019,14232,13962,15669,18793,18031,18451,11156,7467,5766,4017,1566,4,1,0,0
Oct-20,2호선,53,충정로(경기대입구),28,3064,5849,13700,19015,12461,9948,10573,10579,11215,11334,12381,15118,23419,45416,15468,9453,8418,6565,2270,8,1,0,0
Oct-20,2호선,54,용답,29,2366,3018,6931,10970,5497,3724,3333,3601,3952,3620,3344,3717,4181,3599,2164,1360,1146,977,349,0,0,0,0
Oct-20,2호선,55,신답,0,942,1598,5377,8444,3483,1932,1719,1829,1774,1597,1495,1511,1982,2131,943,559,451,479,107,2,0,0,0
Oct-20,2호선,56,신설동,19,1190,1104,2824,5172,3819,3530,4268,5451,6375,7347,8061,8807,10829,10111,4207,2457,2196,1577,468,10,0,0,0
Oct-20,2호선,57,도림천,20,263,922,2553,2685,1750,1754,1487,2209,1548,1974,2413,2414,2849,3208,1741,775,679,356,157,0,0,0,0
Oct-20,2호선,58,양천구청,5,4137,10011,28547,25977,14325,9510,9210,10039,9014,6991,6686,7812,8520,8428,3792,2557,2416,2176,626,2,4,0,0
Oct-20,2호선,59,신정네거리,78,7413,13359,40406,38108,20520,13688,12646,13079,12697,10941,10375,12961,14054,11391,6538,5005,3811,3115,1153,11,0,0,0
Oct-20,2호선,60,용두(동대문구청),18,986,1372,4064,6729,3589,2856,3216,3436,3389,3581,3915,4121,4452,5329,2189,1339,1170,827,245,0,0,0,0
Oct-20,3호선,61,지축,3,1141,4834,14816,14062,6728,4591,4413,4242,3833,3733,4080,5001,5328,3910,1845,1204,859,670,191,3,0,0,0
Oct-20,3호선,62,구파발,117,8785,26909,75107,74470,37745,26617,25901,27357,26258,26632,30608,35645,36887,31751,18937,13990,12509,10254,2248,17,0,0,0
Oct-20,3호선,63,연신내,297,24709,46123,122445,145940,80623,55953,51574,54367,53092,49805,49663,54956,54432,49089,34705,26571,24214,20859,7469,28,11,0,0
Oct-20,3호선,64,불광,31,8277,17317,46065,55820,30805,22248,21520,22803,24191,24257,25268,26645,29096,30562,17896,12767,11379,8287,2566,12,3,0,0
Oct-20,3호선,65,녹번,43,8178,20933,57425,66172,36110,22464,18784,18424,17512,15702,14372,15938,17413,18887,8890,6178,5334,3883,1083,2,1,0,0
Oct-20,3호선,66,홍제,64,8653,18794,54259,62424,37836,27395,25771,26766,25063,23484,23259,26676,29028,26334,14272,10477,8232,6071,1947,6,1,0,0
Oct-20,3호선,67,무악재,17,1670,4490,13150,14922,8985,6289,5610,5295,5076,4482,4219,5255,5769,6071,2825,1990,1587,1296,480,0,1,0,0
Oct-20,3호선,68,독립문,78,4683,5437,14181,17649,13271,11990,11785,12516,12310,13539,13928,15547,14372,15797,7479,4970,4019,2922,737,9,0,0,0
Oct-20,3호선,69,경복궁(정부서울청사),61,2338,4888,11191,17115,16605,12865,14749,16618,21075,25215,32390,40637,57491,88005,38099,30840,31676,20997,6457,11,2,0,0
Oct-20,3호선,70,안국,12,1642,2845,5002,7631,7834,8715,11451,16326,18821,24738,36055,42486,88918,99072,41314,31314,28022,16592,4374,6,0,0,0
Oct-20,3호선,71,종로3가,26,576,1172,1572,2047,3067,4500,6818,8053,9394,11844,15072,17318,26768,46922,28062,14460,14681,11544,4351,20,2,0,0
Oct-20,3호선,72,을지로3가,8,532,902,1621,2644,3528,4383,6101,7043,8899,10837,12689,15354,31840,56238,24617,15326,14250,12191,5518,10,5,0,0
Oct-20,3호선,73,충무로,0,0,0,1,0,0,1,0,3,3,0,4,1,3,3,5,0,2,2,1,0,0,0,0
Oct-20,3호선,74,동대입구,11,1406,1979,4529,6151,5241,4701,5628,7091,8245,11270,13072,17521,32785,29937,14268,10306,10871,8576,2274,5,2,0,0
Oct-20,3호선,75,약수,99,5450,8999,23361,34682,24142,16747,16348,17276,17836,17458,19139,19772,23402,30820,16836,13109,12462,9747,3769,17,1,0,0
Oct-20,3호선,76,금호,43,4398,8949,23997,32139,20502,13632,11594,11427,11263,9931,9861,10514,10863,11063,7159,5544,4643,3497,1305,10,1,0,0
Oct-20,3호선,77,옥수,212,2774,8065,21000,28131,19028,13470,12185,12907,13454,12747,13125,15150,16708,17524,10917,8226,7319,5377,2092,64,4,0,0
Oct-20,3호선,78,압구정,39,2700,7160,14241,20873,17271,19804,25918,29884,33105,40381,48988,59001,78060,121841,88401,68434,50421,37121,10141,13,3,0,0
Oct-20,3호선,79,신사,42,3228,5697,9876,16354,12718,14987,20334,23675,28322,34549,42432,53230,78393,124049,87886,58337,62278,54792,18462,23,7,0,0
Oct-20,3호선,80,잠원,2,1038,4423,11079,14952,9501,6838,6781,7338,7390,6770,7338,9353,11141,10524,6351,4427,4112,3121,782,2,0,0,0
Oct-20,3호선,81,고속터미널,93,4639,5999,21607,35999,38564,38911,50182,61365,68415,75968,86175,98218,115721,120985,102676,115868,70673,45885,14294,51,11,0,0
Oct-20,3호선,82,교대(법원.검찰청),32,1091,2783,6989,10340,8552,9686,12244,13253,16058,18459,21234,23532,37228,59629,25746,19635,21291,20786,5566,6,5,0,0
Oct-20,3호선,83,남부터미널(예술의전당),40,2455,7510,23388,35017,30036,27166,30426,32971,36768,38111,42364,50368,80197,124331,60483,42759,35801,25900,7381,12,0,0,0
Oct-20,3호선,84,양재(서초구청),128,5052,12435,29254,39529,28172,25656,28581,32733,37554,40990,48127,57555,105889,181196,88496,57561,52436,37049,9572,16,5,0,0
Oct-20,3호선,85,매봉,2,1326,5289,13413,15827,11698,9552,9546,10056,12205,13433,14999,17173,30106,57993,21483,13540,14405,9094,2619,10,0,0,0
Oct-20,3호선,86,도곡,13,897,2992,7582,9784,6228,4743,5254,5793,6546,6684,8405,10320,14861,16520,8714,5286,4750,3762,980,6,1,0,0
Oct-20,3호선,87,대치,11,2214,9673,22181,20567,12442,9954,10062,12934,14228,12447,14838,16247,23903,24891,16170,11896,12869,27083,2762,5,2,0,0
Oct-20,3호선,88,학여울,0,401,1461,3387,3793,2478,2024,2258,2502,2814,2965,3914,4601,5950,6592,2747,1711,1575,1291,241,1,2,0,0
Oct-20,3호선,89,대청,42,3235,9199,23570,27024,15727,12714,11307,11353,11877,12696,15683,15607,19933,22792,10503,6958,5627,4363,1214,2,1,0,0
Oct-20,3호선,90,일원,7,1801,6978,19671,19265,13105,12926,13499,13968,12771,14454,18151,20918,27828,15017,8090,5519,3915,3143,947,1,0,0,0
Oct-20,3호선,91,수서,223,4206,10705,29929,38439,25043,24254,20057,25147,23673,19958,27327,30087,35723,46398,21740,20186,13575,12295,4323,10,6,0,0
Oct-20,3호선,92,가락시장,8,2311,6029,17165,20245,13627,11856,12185,12303,12568,12720,13578,14669,18244,25978,11866,8777,7976,5871,1671,10,2,0,0
Oct-20,3호선,93,경찰병원,8,2409,6236,18755,23143,13315,10174,9049,9352,9374,8993,9187,9106,14294,19078,6603,5037,5118,3043,734,4,0,0,0
Oct-20,3호선,94,오금,9,3092,6366,22147,26159,13840,8150,7201,7727,6987,6220,5999,7359,9665,11361,4592,3298,2926,2293,483,1,1,0,0
Oct-20,4호선,100,수유(강북구청),96,19714,40457,102785,116615,70488,48952,44519,45934,46031,43757,42752,45410,51438,57963,34836,26338,23416,19233,8875,39,5,0,0
Oct-20,4호선,101,미아(서울사이버대학),45,9764,18593,44641,51077,30485,23192,20934,20958,20707,21580,23153,21506,23465,25114,15642,10747,8739,6493,2513,11,2,0,0
Oct-20,4호선,102,미아사거리,46,13940,32850,88247,97043,56171,38854,35805,37533,38491,36471,37848,41857,40727,42277,30749,29375,17970,13810,6247,26,5,0,0
Oct-20,4호선,103,길음,20,8806,25367,73295,79677,42069,27986,24836,25955,25117,23305,24000,26237,31308,28364,17429,13218,10171,9405,3279,16,1,0,0
Oct-20,4호선,104,성신여대입구(돈암),37,5126,15617,40624,50435,32126,23377,23696,27848,27782,27715,29506,32521,37077,43497,28283,24301,25133,22669,8901,23,5,0,0
Oct-20,4호선,105,한성대입구(삼선교),68,6218,10947,27506,34520,23660,16816,16846,19395,20649,19306,19903,26400,28813,30595,16129,12734,11497,9312,3543,17,3,1,0
Oct-20,4호선,106,혜화,36,3142,6533,15908,19273,20997,26245,29663,30397,34497,41409,54304,66902,86984,108048,61136,56135,67351,61580,20485,35,3,0,0
Oct-20,4호선,107,동대문,224,5431,3633,5190,6977,11109,16251,22791,28667,32149,40159,46950,55305,79442,67857,30506,20737,22341,12345,4849,10,6,0,0
Oct-20,4호선,108,동대문역사문화공원(DDP),223,6840,4209,5938,7239,6786,7452,10796,13858,16077,20981,26324,30827,46839,65944,37796,26831,24758,19097,7847,23,10,0,0
Oct-20,4호선,109,충무로,83,2697,3794,7125,11193,11418,12078,16006,19600,24968,30461,35206,45117,77497,130050,63200,42977,41046,32047,13718,18,1,0,0
Oct-20,4호선,110,명동,45,584,1826,2978,4684,5856,7253,11089,15963,20906,25608,32860,42876,57027,95468,47644,38401,33921,17453,4432,7,0,0,0
Oct-20,4호선,111,회현(남대문시장),51,1811,3015,4154,6653,7743,11523,19825,26705,34630,42792,49986,62994,81564,104177,39921,37574,15990,9191,2894,4,0,0,0
Oct-20,4호선,112,서울역,160,3830,4558,10055,13385,9638,8226,9443,10296,11142,10897,12516,14090,32936,57319,19262,12148,11294,7946,3052,15,0,0,0
Oct-20,4호선,113,숙대입구(갈월),18,2904,7242,14851,22915,15323,12624,13526,15108,15662,16225,17581,21970,30794,44480,21992,16071,15618,13913,5828,7,3,0,0
Oct-20,4호선,114,삼각지,3,580,1689,4482,6700,4285,3313,3730,4379,5218,5159,5732,6918,11132,20427,8088,5851,5946,4548,2097,5,1,0,0
Oct-20,4호선,115,신용산,3,1111,3417,9486,14254,10995,9101,11854,12483,14616,15484,19821,25918,46122,78097,36049,24305,21378,14170,5452,20,2,1,0
Oct-20,4호선,116,이촌(국립중앙박물관),49,1102,3751,11467,15616,10449,7653,7868,8895,9719,10323,12441,17387,19881,23585,9965,7071,7735,4532,1631,14,1,0,0
Oct-20,4호선,117,동작(현충원),37,472,1407,4537,5850,4044,3609,3750,3530,3566,4080,4812,5366,6709,7331,3505,2787,2614,1638,607,0,0,0,0
Oct-20,4호선,118,총신대입구(이수),80,6058,14415,41853,54582,33990,24889,24265,26257,26923,26439,26636,29506,32991,40298,24055,21019,17944,16135,6506,21,2,0,0
Oct-20,4호선,119,사당,114,9895,21030,58412,80199,56080,35020,29764,32501,33605,31308,29971,32302,38408,43770,30158,26660,28893,26617,10064,38,12,3,0
Oct-20,4호선,120,남태령,28,525,821,2112,2622,2240,1791,1727,1744,1731,1815,1718,2523,3433,3206,1455,970,562,253,99,3,0,0,0
Oct-20,4호선,95,당고개,50,7796,16977,48285,46599,28421,19432,17979,17639,18296,17651,17141,17064,16831,16253,12487,7333,5567,4140,1083,4,3,0,0
Oct-20,4호선,96,상계,49,12388,30975,80394,72313,38685,27287,24839,26184,25319,22987,22052,24372,23274,22456,14398,10633,9573,10775,2789,10,3,0,0
Oct-20,4호선,97,노원,148,10589,21506,48967,51203,30044,23716,23379,24696,25821,25267,26394,29222,30967,32367,23243,24059,21546,21104,7532,42,10,0,0
Oct-20,4호선,98,창동,1553,15190,33326,85982,76195,48660,37131,34225,36150,35957,33867,35036,39713,41273,40896,23941,18900,17056,14487,6212,288,2,0,0
Oct-20,4호선,99,쌍문,121,21132,46480,112953,121090,70168,46362,39637,39808,37180,33219,31159,33359,34537,34272,21868,15559,13290,10160,4291,14,1,0,0
Oct-20,경부선,121,서울역,3,40,57,6763,13294,8625,7464,8516,8767,8398,4660,9867,10761,11073,11863,11230,7645,8191,6165,2513,36,0,0,0
Oct-20,경부선,122,남영,122,2480,3995,10379,14846,9559,9103,9318,10308,10967,12463,14046,17188,24061,43092,16500,11604,11017,8701,3765,22,0,0,0
Oct-20,경부선,123,용산,373,3898,4748,18512,26421,27473,23437,35873,34068,42866,40573,61537,68010,95147,132684,78657,69222,65726,40413,15151,473,0,0,0
Oct-20,경부선,124,노량진,582,4931,6267,15781,21622,13049,10091,10867,12139,14297,13218,13192,15098,17901,21895,13389,13580,14751,15508,5819,80,1,0,0
Oct-20,경부선,125,대방,541,5521,9874,27077,35385,20140,15115,14090,15041,15625,14686,16117,17751,29076,43399,16811,11418,10821,8303,2385,19,0,0,0
Oct-20,경부선,126,영등포,4404,17308,15201,33716,49525,34764,30034,37734,44031,49477,56180,65277,77937,96196,138340,84533,85247,68939,53841,21515,161,5,0,0
Oct-20,경부선,127,신도림,628,2272,3235,9741,11426,6430,4546,4293,4768,4781,4520,4824,5686,8512,14055,5907,4333,4358,2966,1326,30,0,0,0
Oct-20,경부선,151,신길,803,10651,9815,21757,28125,17055,10883,9984,10678,10705,9309,10871,13464,17999,29093,12220,7500,6799,4734,1868,28,2,0,0
Oct-20,경부선,249,구로,12366,22784,18039,33812,35246,23492,19071,19352,20809,21316,22233,24122,29206,46107,63346,27972,19393,18248,13102,4929,52,0,0,0
Oct-20,경부선,250,가산디지털단지,1472,7974,6607,13345,13715,10312,8697,9882,11577,12153,12999,14644,20909,54530,100674,41919,25237,20924,14034,5417,100,0,0,0
Oct-20,경부선,251,금천구청,810,10541,16860,41917,40601,22318,16216,14495,14745,14009,12899,12915,13789,16455,23172,10957,8039,6620,5003,1823,48,0,0,0
Oct-20,경부선,252,석수,433,7387,14486,35837,36860,20036,13139,12495,12002,11681,11283,13199,14534,17799,18373,10069,6514,5549,3583,1468,43,0,0,0
Oct-20,경부선,253,관악,236,6918,10747,29125,27705,14488,9750,8731,9068,9370,9442,9850,11816,12305,10847,6253,4543,3919,2319,886,65,0,0,0
Oct-20,경부선,254,안양,331,13968,27365,70818,65052,36808,26693,28320,32877,32724,31618,35861,42569,45849,39723,25759,23221,24274,19697,8046,445,0,0,0
Oct-20,경부선,255,명학,151,6263,8572,22706,20428,10851,8208,8102,9303,8456,8193,8683,12261,23144,32427,11555,10267,7178,4660,1629,79,0,0,0
Oct-20,경부선,256,금정,316,21557,30382,70995,74638,43726,29767,28332,29277,28560,25907,27244,34155,51275,65364,31586,24332,20809,15465,6502,430,0,0,0
Oct-20,경부선,257,군포,84,5275,8365,16601,16083,9105,7172,7003,7047,6832,6351,6532,8097,18130,34050,11973,9439,7219,3725,1392,104,0,0,0
Oct-20,경부선,258,의왕,161,5764,11240,27632,26916,12371,10033,9890,9955,10135,9504,10071,13008,21876,21087,10388,7691,6087,3811,1740,119,0,0,0
Oct-20,경부선,259,성균관대,169,7729,22573,57225,47427,22318,17166,16535,18400,18068,16409,17025,20674,23816,23133,14089,11120,10931,9423,4098,227,0,0,0
Oct-20,경부선,260,화서,419,5958,16705,34793,25388,11862,9363,8679,8248,7781,7163,7351,9872,10962,9081,5250,3784,3391,2891,922,58,0,0,0
Oct-20,경부선,261,수원,2286,18322,29071,62607,57024,39432,37419,44051,48352,49825,52880,61644,76507,84556,91750,73422,74276,55184,48051,18491,550,1,0,0
Oct-20,경부선,262,독산,608,6506,14038,34296,33846,19069,14573,13918,15521,15265,14377,15637,22245,43764,65075,29547,16181,12912,8023,2438,81,0,0,0
Oct-20,경부선,263,세류,457,3132,6376,12421,8845,4802,3866,3858,3764,3476,3295,3476,4511,5559,5810,3370,2764,2157,1333,427,8,0,0,0
Oct-20,경부선,264,병점,2871,6438,19732,42407,33514,21604,18337,18736,19032,17483,16756,18099,22468,29210,30515,16771,11906,10101,7444,2446,28,0,0,0
Oct-20,경부선,265,세마,271,1785,4421,8088,6668,4984,3746,3422,3435,3571,3117,3288,3938,4641,5584,2523,1679,1629,932,413,29,0,0,0
Oct-20,경부선,266,오산대,176,2313,4916,9255,6658,4938,3918,3958,4487,4964,5315,5725,7436,6904,7624,3673,2830,2593,1629,918,62,0,0,0
Oct-20,경부선,267,오산,442,6197,12333,19352,19247,14705,13985,14708,15894,15100,14135,14536,17473,23574,24575,14347,11564,8247,5193,2138,82,0,0,0
Oct-20,경부선,268,진위,15,730,1422,2361,2238,1850,1343,1430,1680,1590,1511,2096,2597,5323,7629,2851,1850,1267,585,224,6,0,0,0
Oct-20,경부선,269,송탄,116,5892,7215,11692,9134,7287,6639,7027,7159,7256,6246,6823,8068,8100,9389,5537,4172,3242,2103,842,56,0,0,0
Oct-20,경부선,270,서정리,32,2639,7255,11022,10036,7742,7741,8240,10130,9039,8928,10571,14308,19821,17347,9964,6799,4749,2639,943,19,2,0,0
Oct-20,경부선,271,지제,8,833,2148,5792,4605,2759,2601,2583,3759,2466,3008,4432,5089,8469,7688,5313,2865,3144,2184,837,0,0,0,0
Oct-20,경부선,272,평택,155,7208,12140,23493,21699,18668,17531,17374,18853,19912,19278,20929,25081,29396,27896,20859,19109,13032,9834,4883,29,0,0,0
Oct-20,경부선,273,성환,27,1440,2434,5323,4724,4533,4802,5300,6039,7816,6903,7292,9195,13873,10881,4765,3829,2481,1248,529,68,0,0,0
Oct-20,경부선,274,직산,35,482,1082,1506,1055,1021,1068,1012,1051,1037,1015,1153,1200,2183,2153,936,739,507,351,148,20,0,0,0
Oct-20,경부선,275,두정,1207,3704,7692,11761,9918,7074,6672,6980,7050,7833,7828,8424,9275,11494,11098,6918,5521,4493,3630,1942,29,0,0,0
Oct-20,경부선,276,천안,1623,2514,4404,8496,7389,8175,8516,9573,9098,10131,11174,12268,13337,13090,12654,9172,6706,5366,3078,1530,14,0,0,0
Oct-20,경부선,277,당정,19,3359,9191,22436,19810,10783,7821,7725,8075,7648,6463,6662,7630,10604,13848,6249,4724,3438,2897,1067,110,0,0,0
Oct-20,경부선,278,서동탄,0,1228,4445,9915,4367,2079,1950,1857,1755,1561,1476,1790,1886,2147,2453,1109,896,518,452,113,6,0,0,0
Oct-20,경부선,279,광명,0,17,2374,11304,9324,5666,966,4045,4631,3474,3153,3644,9595,1789,6883,7093,1421,4383,1946,477,0,0,0,0
Oct-20,경인선,293,개봉,1279,17819,32579,83373,79855,46909,33170,29474,30285,29080,25987,25084,27090,29766,28725,17462,13449,11352,8152,3563,143,0,0,0
Oct-20,경인선,294,오류동,706,11479,16557,45931,46988,24592,17699,15659,17685,16212,13840,13386,14349,15119,14304,8635,6702,5705,4405,1743,100,0,0,0
Oct-20,경인선,295,역곡,975,25606,40825,109411,108083,56058,37480,35042,37485,35273,31645,32886,35083,37966,35258,22588,18138,15398,13409,5879,368,0,0,0
Oct-20,경인선,296,부천,2828,34702,39471,96743,97280,55088,41724,42787,46001,46025,44398,46233,51701,55184,55726,38008,31783,31403,27351,13185,846,2,0,0
Oct-20,경인선,297,송내,1451,14921,33467,100596,83407,45686,32720,33683,34774,32026,29403,30188,35788,44350,70867,31258,23056,19243,15610,6858,934,0,0,0
Oct-20,경인선,298,부평,7889,21602,32489,77519,73131,40224,34459,35855,39556,40625,40831,44138,50561,55975,54278,41804,39210,37641,34470,18004,3039,5,0,0
Oct-20,경인선,299,백운,123,6924,12344,26601,24047,13880,11068,10649,10758,9823,9002,8734,9610,10980,10235,5147,3952,3611,2471,1266,179,0,0,0
Oct-20,경인선,300,동암,773,19646,27385,50375,48914,29819,22699,21010,22161,21353,18771,18296,21724,24525,23125,15006,11706,10618,7380,3835,298,0,0,0
Oct-20,경인선,301,주안,1111,13001,23117,57017,49573,30336,23822,24874,27770,27260,24932,26427,29856,35815,37018,21736,18805,16837,13670,6720,702,4,0,0
Oct-20,경인선,302,제물포,832,7158,12084,33166,28806,16592,13127,14196,14566,14012,13409,15063,20479,20003,22311,10072,7296,5337,3752,1819,117,0,0,0
Oct-20,경인선,303,동인천,1739,7171,14115,36118,28907,18876,17151,19142,20219,21129,21383,23695,28292,34116,36858,17645,13363,9844,6701,2615,23,0,0,0
Oct-20,경인선,304,인천,336,1246,2548,5161,4515,3020,3169,4241,6018,7830,9730,10734,13190,14094,12677,6863,4875,3557,1999,607,8,0,0,0
Oct-20,경인선,305,구일,236,3475,8519,24077,22910,11539,8920,8780,8642,8289,7765,8798,9900,10944,11196,5073,5216,3948,3625,1087,46,0,0,0
Oct-20,경인선,306,소사,1186,16807,15450,33364,30973,20315,15698,14076,14614,13238,12418,11916,12620,14565,13119,7345,5827,4726,3248,1405,116,0,0,0
Oct-20,경인선,307,부개,1906,8743,14464,34700,28082,16336,12253,11851,11678,11146,9691,9454,11432,11473,10818,6125,4265,3760,2690,1320,186,0,0,0
Oct-20,경인선,308,간석,282,4724,9925,21416,17835,10465,8131,7989,7832,7833,6816,7202,8141,8200,8631,4776,3862,3446,2614,1535,145,0,0,0
Oct-20,경인선,309,도원,696,2446,3044,5997,5698,4404,4023,4473,4722,4816,4192,5586,10234,8256,8274,3328,2291,1914,965,312,11,0,0,0
Oct-20,경인선,310,온수(성공회대입구),221,5238,8055,22097,21836,12794,10058,10123,11050,9984,9088,9521,13649,11822,11182,5592,4341,3834,2797,1340,174,1,0,0
Oct-20,경인선,311,중동,832,9813,15138,38395,30625,16733,12763,11968,12469,11654,10195,10160,11425,12409,12563,6768,5348,4458,3121,1333,164,0,0,0
Oct-20,경인선,312,도화,291,3483,5521,13350,11497,7051,5527,5409,5542,5297,4985,4787,6054,6124,5867,2927,2105,1560,909,608,34,0,0,0
Oct-20,경원선,128,이촌(국립중앙박물관),52,1173,3191,6834,8167,6872,5170,4899,5420,5512,5289,6244,7292,9604,9745,5096,3803,3806,2410,766,82,1,0,0
Oct-20,경원선,129,서빙고,41,795,1724,2745,3027,2651,2151,2076,2240,2474,2360,2695,4089,5679,6562,2695,1687,1381,864,308,62,0,0,0
Oct-20,경원선,130,한남,195,1923,2443,4234,5568,4655,4450,5217,5288,4964,5729,7003,8113,13038,13990,7108,5045,4513,4160,1635,82,0,0,0
Oct-20,경원선,131,옥수,0,0,0,30,53,33,33,16,10,20,24,12,286,332,21,358,22,42,15,9,0,0,0,0
Oct-20,경원선,132,응봉,153,1123,2522,5930,6839,4322,2870,2822,2485,2465,2313,2436,2994,2906,2889,1671,1170,861,763,284,15,0,0,0
Oct-20,경원선,133,왕십리(성동구청),838,5260,7464,22666,36483,23532,13723,13812,16361,17259,17951,19833,22072,26187,27704,20892,19810,21534,20674,9442,418,4,0,1
Oct-20,경원선,134,청량리(서울시립대입구),1259,6996,7511,25797,27236,24691,23415,19245,25551,26030,28270,30072,28481,31516,26752,23988,22600,10895,9732,3117,125,0,0,0
Oct-20,경원선,136,외대앞,454,4769,7367,16748,20018,12491,10586,10738,11416,11773,11765,12494,13165,15384,12252,8272,6582,6541,5356,2470,61,1,0,0
Oct-20,경원선,137,신이문,1355,8268,12639,34032,36302,20453,14371,12093,12118,12098,10131,9536,8904,9090,8693,5671,3410,2914,1981,895,51,1,0,0
Oct-20,경원선,138,석계,1144,5927,10481,22848,27669,18638,15157,13562,13423,12828,11958,11385,11498,12539,11036,8119,6471,6099,5019,2430,112,2,0,0
Oct-20,경원선,139,광운대,2232,5654,11273,29731,27917,15195,12236,11003,11583,11877,11230,10728,11704,12080,11105,6723,5571,4846,4357,1969,129,1,0,0
Oct-20,경원선,140,월계,659,4899,8210,21399,19034,13149,10898,10238,10126,10234,9045,9626,11559,10401,8963,5097,3628,3269,2531,902,42,0,0,0
Oct-20,경원선,141,녹천,850,4248,6822,19342,16218,10465,7813,6795,7462,6413,5552,5514,6127,5502,4694,3180,1998,1796,1189,440,55,0,0,0
Oct-20,경원선,142,창동,0,0,0,0,0,1,0,1,1,1,1,1,1,1,1,0,0,1,1,0,0,0,0,0
Oct-20,경원선,358,방학,695,10655,13607,28019,26500,17318,15097,13758,14892,14126,12883,12858,14667,14726,16759,9205,6421,4855,3941,1465,168,0,0,0
Oct-20,경원선,359,도봉,317,7109,8673,18112,17284,11883,10296,9632,8814,9438,9669,9493,8887,9406,9533,4868,3118,2576,1850,773,94,0,0,0
Oct-20,경원선,360,도봉산,249,5925,8532,21466,20166,13358,11430,11624,14110,17506,21922,25757,27165,22688,16757,9249,5111,3488,2108,755,53,0,0,0
Oct-20,경원선,361,망월사,351,7166,11447,23928,22995,14240,11466,11593,12427,12146,10798,10832,12951,12470,10936,5594,4273,3766,3334,1176,138,0,0,0
Oct-20,경원선,362,회룡,1085,13126,23237,50890,41890,25674,20624,19665,19037,17922,15163,14429,14168,14024,12113,7480,5712,4765,3342,1245,141,0,0,0
Oct-20,경원선,363,의정부,2503,9850,20132,42078,38376,23836,21150,23728,25879,26903,28460,31113,33680,37454,39782,26214,25577,17986,15945,6038,389,1,0,0
Oct-20,경원선,364,가능,413,7252,10190,21841,20058,12241,10335,9566,9653,9289,8465,7892,9215,10939,9104,5965,4386,3628,2703,964,98,0,0,0
Oct-20,경원선,365,녹양,202,4529,7777,16224,13549,8049,6880,6538,7167,6474,5830,5966,6763,6972,7764,4135,2851,2135,1572,625,39,0,0,0
Oct-20,경원선,366,양주,1310,5095,11032,28756,23785,14744,13039,11788,12208,11859,11090,11254,13110,13829,14083,7006,4143,3211,1796,621,34,0,0,0
Oct-20,경원선,367,덕계,0,2205,6256,10817,10026,5367,3941,3975,4223,3681,3297,3069,3605,4352,3885,1787,1115,807,701,206,7,0,0,0
Oct-20,경원선,368,덕정,3,3321,7886,17288,16025,9627,8111,9406,9859,9418,8064,8820,9774,12436,12977,5875,4106,3296,2577,1169,187,0,0,0
Oct-20,경원선,369,지행,59,4321,9359,19346,18418,12163,9362,9773,9374,10039,8452,8106,8625,9914,11547,6295,5245,4491,3338,1747,154,0,0,0
Oct-20,경원선,370,동두천중앙,21,2540,4353,8059,7797,5634,5021,5029,4969,5405,4940,4952,4477,5953,6688,2950,1822,1266,862,344,18,0,0,0
Oct-20,경원선,371,보산,35,1551,2300,4273,3508,3047,2979,2879,2742,2769,2606,2631,3027,4182,3144,1956,1358,771,505,257,7,0,0,0
Oct-20,경원선,372,동두천,19,785,2656,4495,4940,3604,3467,3099,2762,3441,3298,3762,3615,4115,4672,2511,1394,761,636,187,4,0,0,0
Oct-20,경원선,373,소요산,100,728,1196,4201,3967,4677,3848,4888,7265,9636,15748,20127,20122,12588,6909,2501,1626,818,384,119,2,0,0,0
Oct-20,안산선,280,산본,715,8098,20374,50531,48235,24321,19830,20094,21415,21113,20094,20916,23008,24973,28164,18414,14949,15089,13549,4885,740,0,0,0
Oct-20,안산선,281,대야미,0,2163,6612,15727,17286,9049,6659,6475,6792,7274,7451,8105,8683,9087,9860,5311,3984,2871,1801,823,116,0,0,0
Oct-20,안산선,282,반월,17,3028,6639,15758,14625,9356,7002,6423,6174,6363,5705,5434,6280,7624,7322,4313,3076,2095,1303,612,108,0,0,0
Oct-20,안산선,283,상록수,539,14184,28555,65563,60768,33051,24083,22555,24114,22669,19463,19374,21468,25034,23357,14847,11650,10111,6971,2765,297,0,0,0
Oct-20,안산선,284,한대앞,178,6355,14294,26618,23268,13785,11879,12580,12773,12268,11636,11557,13140,15477,15944,8779,7729,7016,5574,2319,141,0,0,0
Oct-20,안산선,285,중앙,207,7476,22309,47406,38676,20095,18964,20777,23630,22986,22571,24760,28548,33966,35246,23299,22562,21341,19006,7840,421,0,0,0
Oct-20,안산선,286,고잔,215,4650,11308,26724,19527,11993,10804,11500,11285,10901,11108,12130,13627,18232,20730,8769,6345,6053,4405,1911,180,0,0,0
Oct-20,안산선,287,초지,273,2658,7126,16755,12970,7073,5759,6226,6305,6192,5652,5981,7664,9511,10711,5007,3498,2938,1728,610,51,0,0,0
Oct-20,안산선,288,안산,1489,10478,11480,20356,20696,17618,14528,15592,17083,18044,17612,18863,21304,38481,40637,22240,19730,12422,4970,1404,69,0,0,0
Oct-20,안산선,289,신길온천,11,1789,3198,5777,4964,3035,2560,2277,2512,2270,2049,2130,2662,3651,3633,1650,1284,820,409,194,17,0,0,0
Oct-20,안산선,290,정왕,240,6216,8612,15197,12375,9676,9736,10329,12456,13373,12617,15163,20558,26378,27905,14975,10832,7870,4489,1498,17,0,0,0
Oct-20,안산선,291,오이도,226,6102,13348,29504,23664,13375,11214,11391,12273,12274,11460,13092,15784,20454,20370,11980,9583,8397,5676,1648,8,0,0,0
Oct-20,안산선,292,수리산,17,3003,8052,17500,16548,9560,6119,5770,5983,5486,4866,5222,4810,4898,5053,2538,1827,1357,942,328,38,0,0,0
Oct-20,과천선,230,선바위,0,1192,5644,17303,23026,15430,9334,8395,9225,9792,9695,10384,13357,22222,30777,15046,9081,7302,4123,1144,10,1,0,0
Oct-20,과천선,231,경마공원,2,261,787,1980,2527,1787,1496,1443,1534,2056,2076,2342,2473,4348,5598,1422,701,644,295,140,4,0,0,0
Oct-20,과천선,232,대공원,6,85,169,786,1110,1428,2067,3207,6155,8379,11651,16578,21342,19527,17333,6885,4831,3714,1656,248,4,0,0,0
Oct-20,과천선,233,과천,10,1448,5659,17452,16968,10155,6751,6761,6628,7055,6700,7204,11491,11022,7345,3298,2205,1532,1080,304,6,0,0,0
Oct-20,과천선,234,정부과천청사,32,1418,5018,13720,13581,9343,7600,8674,9235,10168,10972,12880,18654,27055,44531,12559,9528,8474,5014,1407,15,0,0,0
Oct-20,과천선,235,인덕원,95,7822,23700,69721,63885,36394,26792,25063,26649,27277,24603,26347,32399,45212,73979,29165,22296,20733,13694,4385,51,0,0,0
Oct-20,과천선,236,평촌,51,3628,16852,50281,41074,22070,17024,16118,16840,16269,16260,18589,21189,35479,57923,24231,17751,15347,13316,4092,45,0,0,0
Oct-20,과천선,237,범계,70,6650,26674,73868,63270,34535,26436,27745,30339,30288,29659,32614,38604,44935,56730,34218,35034,27735,25404,8707,338,0,0,0
Oct-20,분당선,143,선릉,24,1109,1996,3724,5737,5119,6149,8176,9724,11072,12682,15334,23461,40294,68524,31738,18861,17442,15768,4189,153,0,0,0
Oct-20,분당선,144,한티,24,1551,6146,17124,20210,12830,10785,11795,14715,17954,17076,19704,24290,35760,40013,25662,27848,18708,26120,3893,79,0,0,0
Oct-20,분당선,145,도곡,13,1016,2751,7006,10083,7295,6282,7366,7405,8591,8944,11389,12650,17757,20965,10510,7175,6398,4727,1150,21,2,0,0
Oct-20,분당선,146,구룡,20,327,1025,2621,3226,2411,2011,2294,2457,2802,2595,2964,5856,5256,5178,1860,1098,1560,548,129,4,0,0,0
Oct-20,분당선,147,개포동,4,768,2673,7462,7909,5044,4067,3895,4557,4670,5016,5096,6806,8332,7986,4610,3335,3393,3233,978,19,0,0,0
Oct-20,분당선,148,대모산입구,36,1882,2966,7690,9314,5800,4775,4866,4440,4469,3834,4417,7429,10997,7965,3380,1947,1345,1045,384,5,0,0,0
Oct-20,분당선,149,수서,49,3157,5728,20832,32676,20868,19856,16124,19750,18223,14411,20798,23998,29708,39046,17864,17728,11969,11321,5856,19,0,0,0
Oct-20,분당선,150,복정,0,0,0,1,0,1,2,0,0,0,1,0,0,0,0,1,0,0,0,0,0,0,0,0
Oct-20,분당선,313,수원,620,4332,7219,20323,21413,11839,8774,8806,9822,10356,10482,11547,14085,16767,19987,14468,13508,11531,10400,3779,56,0,0,0
Oct-20,분당선,314,서울숲,131,2121,4711,12303,19502,13357,7043,6588,7828,8879,10581,14060,19999,26590,36449,18377,12575,10843,7501,2044,33,0,0,0
Oct-20,분당선,315,압구정로데오,108,1943,3438,4870,6484,6077,7013,10493,12712,15384,19208,25170,32193,46941,72105,54905,46101,31602,24787,7525,143,0,0,0
Oct-20,분당선,316,강남구청,17,1197,2403,5681,8577,7280,6472,7697,8499,9902,11210,12570,13717,23052,44159,22505,13259,11909,8516,2772,39,0,0,0
Oct-20,분당선,317,선정릉,8,929,1877,3946,6560,5264,4645,5423,6065,6962,8435,9530,11626,19703,40996,22310,10829,9705,6912,1997,38,0,0,0
Oct-20,분당선,318,가천대,29,4856,6302,15937,20693,12634,10218,11332,12429,11472,12686,14184,18324,20777,15020,8799,7282,5618,5249,2331,84,0,0,0
Oct-20,분당선,319,태평,293,14283,17854,36475,56700,35798,20575,17188,17664,17692,16684,15703,16706,18245,18484,10175,7881,6232,4571,1626,65,0,0,0
Oct-20,분당선,320,모란,378,14042,19601,47473,61026,42991,28707,28726,30744,31395,30236,34961,32654,34712,38613,22098,16174,14085,11266,5501,258,0,0,0
Oct-20,분당선,321,야탑,157,6467,16885,46941,57426,37198,29295,30926,32283,32492,33051,36020,41042,53354,76133,37479,28051,25500,18791,6437,281,0,0,0
Oct-20,분당선,322,서현,346,4387,10940,28976,35587,25302,22100,24621,27989,29448,32827,37133,39841,56951,74749,44387,43215,34215,27796,10499,668,0,0,0
Oct-20,분당선,323,수내,136,2234,6267,15557,19316,13145,10602,11927,13884,15298,17101,19631,21951,29588,41969,22406,22437,15628,13150,3547,162,0,0,0
Oct-20,분당선,324,정자,314,3433,8453,23608,29449,20017,14834,15287,16430,16888,17540,20535,26621,35743,50085,28729,21841,23027,21780,8037,1193,3,0,0
Oct-20,분당선,325,미금,625,3293,10036,22245,28776,21344,19556,20817,21860,22457,23333,27267,28767,32416,36344,19764,15638,16968,13944,4173,171,0,0,0
Oct-20,분당선,326,오리,730,3374,12534,25822,29461,19293,14256,13831,14670,14891,14351,15468,17214,22491,31380,13491,10185,9336,6583,2404,133,0,0,0
Oct-20,분당선,327,이매,67,2247,5616,12660,13761,8633,7111,8310,7415,7239,7419,7458,8898,13374,12081,6179,4191,4453,4014,844,108,0,0,0
Oct-20,분당선,328,보정,29,806,2567,7706,8355,5868,4074,3582,3162,2980,3057,3241,3631,4664,3475,1779,1247,983,857,362,13,1,0,0
Oct-20,분당선,329,죽전,1294,4261,13032,38682,33293,20269,14356,14775,16157,16620,16817,19015,21468,26422,28796,19823,22903,11919,8441,2841,21,1,0,0
Oct-20,분당선,330,구성,42,2200,6542,19065,18295,10407,7511,6552,6276,6111,5654,5355,5652,7406,7084,3591,2805,2233,1525,468,9,1,0,0
Oct-20,분당선,331,신갈,56,2353,6720,16925,17592,10088,7000,6838,5843,5953,4963,5075,5962,5490,4483,2081,1546,1405,1099,377,9,0,0,0
Oct-20,분당선,332,기흥,174,4889,12064,31972,33388,17775,12157,11559,11612,11014,10426,10503,12356,14563,15914,9364,7405,7202,5504,2115,31,0,0,0
Oct-20,분당선,333,상갈,28,2297,7722,17172,18457,10801,7650,6847,6769,6689,5829,6082,6854,9355,10212,5987,3944,3911,1771,718,4,0,0,0
Oct-20,분당선,334,청명,10,2088,5837,15464,16387,7280,5084,4708,4823,4874,3910,4472,6246,7161,7593,3628,2615,2162,1686,704,11,0,0,0
Oct-20,분당선,335,영통,86,1944,6316,14507,16758,9233,8186,8823,9874,10903,10305,11101,13533,18868,20469,11585,10565,11260,10727,4483,97,1,0,0
Oct-20,분당선,336,망포,61,4095,16307,41854,40252,19461,13142,12823,13945,13358,12538,13390,16707,27676,38611,18785,14728,11920,9674,3685,120,0,0,0
Oct-20,분당선,337,매탄권선,52,2714,7273,17056,15672,8166,5711,5794,5764,5299,4652,5290,6090,8817,7791,4114,3009,2832,2139,817,35,0,0,0
Oct-20,분당선,338,수원시청,246,5178,10204,22795,22124,12670,11020,13598,15404,15042,14905,17889,21529,25380,33258,17815,14852,16908,15544,5974,139,0,0,0
Oct-20,분당선,339,매교,234,2222,3619,6637,8375,4359,3612,3349,3253,3107,2811,3282,5214,8856,5233,2788,1682,1600,939,281,15,0,0,0
Oct-20,일산선,374,원흥,138,4942,12632,32172,35673,18838,12918,12753,11957,12289,10889,10673,12160,13181,14605,6783,5427,5016,3894,1492,15,0,0,0
Oct-20,일산선,375,지축,0,0,0,0,0,0,0,0,0,0,0,0,0,1,0,1,0,0,0,0,0,0,0,0
Oct-20,일산선,376,삼송,424,6591,22897,64823,64420,34319,24912,22823,22355,21415,19552,20645,26944,30246,28423,18139,13744,11737,12400,2260,5,1,0,0
Oct-20,일산선,377,원당,227,7806,18000,41067,41846,23358,17704,15988,16577,16043,13682,12970,14715,15319,14865,8337,5684,4392,2910,902,1,1,0,0
Oct-20,일산선,378,화정,141,9535,20871,48778,49926,29231,23562,23692,25087,24813,23020,23544,24693,26846,26996,15034,12516,13011,10254,3656,8,0,0,0
Oct-20,일산선,379,대곡,3,619,2244,6632,5893,3172,2521,2308,2287,2373,2540,2585,2886,3789,4528,2047,1174,1089,764,430,19,0,0,0
Oct-20,일산선,380,백석,63,3803,8779,20520,20783,14299,13020,14243,14456,14449,14639,16985,17140,20574,23578,12649,9785,9476,7094,2570,5,3,0,0
Oct-20,일산선,381,마두,26,2754,8105,15097,14218,10357,10150,10926,11218,11414,11391,13202,13548,15058,17730,7994,5573,5188,4162,994,1,1,0,0
Oct-20,일산선,382,정발산,45,1918,4773,8850,8983,6696,6667,8125,9287,10121,12091,14340,15310,17674,21146,12050,12698,9081,7813,2465,7,1,0,0
Oct-20,일산선,383,주엽,209,4424,13422,24290,21825,15009,13035,13429,13588,12654,11936,13198,14201,14131,13342,7092,6293,4847,4482,831,18,3,0,0
Oct-20,일산선,384,대화,142,6061,23377,54342,39951,24607,19248,18475,17921,16270,15190,16334,17060,20517,20118,10002,7839,6054,5050,1263,9,1,0,0
Oct-20,중앙선,135,회기,838,10784,18004,48144,61395,40071,32149,33311,36758,35105,36452,39661,42323,51863,44829,26174,21545,21644,20408,9451,390,1,0,0
Oct-20,중앙선,152,중랑,176,5954,8338,20492,19471,12192,8846,8336,7831,8337,7109,6654,6541,6600,6998,4492,3183,2698,1863,920,78,0,0,0
Oct-20,중앙선,153,상봉(시외버스터미널),622,5899,8130,18935,22331,13206,8840,7624,8650,7598,7500,7177,7589,8615,9897,6647,5046,4579,3398,1328,85,0,0,0
Oct-20,중앙선,154,망우,346,6909,11349,26110,23299,14712,11851,11153,11194,11339,10623,10057,11140,11622,11403,8049,5269,4373,3155,1395,73,0,0,0
Oct-20,중앙선,155,양원,18,1507,2088,4532,3400,2899,2511,2313,2754,2401,2391,4367,4798,3465,2462,1240,662,488,451,151,10,0,0,0
Oct-20,중앙선,156,구리,739,8222,18547,54228,45409,23331,17559,18240,18623,17494,16453,17272,19732,21589,20789,12912,11620,7552,6399,2151,179,0,0,0
Oct-20,중앙선,157,도농,565,6514,16855,46325,37834,19840,14931,13245,13186,11557,10374,10248,14451,14587,12453,6241,4506,3333,2478,1025,126,0,0,0
Oct-20,중앙선,158,양정,64,294,690,2111,1716,1069,1022,1141,1218,1416,1582,1692,2114,2991,3026,1122,559,357,183,52,18,0,0,0
Oct-20,중앙선,159,덕소,1278,3073,8957,21949,21238,12344,9925,8947,8459,8974,7987,7724,7995,7671,7598,4276,3461,2876,2210,846,179,0,0,0
Oct-20,중앙선,160,도심,3,1550,4681,12159,8757,4664,3716,3169,3406,3400,2768,2833,3504,3905,3664,1612,1283,860,744,261,49,0,0,0
Oct-20,중앙선,161,팔당,1,231,628,1514,1589,1225,1414,1403,1543,1980,2668,3541,3673,4332,3614,2386,1674,1445,989,179,23,0,0,0
Oct-20,중앙선,162,운길산,0,182,615,1368,1389,962,926,1091,1400,2333,3700,4908,5422,4876,2772,1240,954,330,150,46,4,0,0,0
Oct-20,중앙선,163,양수,0,760,1755,5894,3580,3407,3047,3273,2934,3824,4651,6029,6911,5944,4858,2219,1753,1010,483,227,29,0,0,0
Oct-20,중앙선,164,신원,0,82,205,394,413,350,330,409,505,759,882,1299,1196,1052,741,276,144,87,25,7,1,0,0,0
Oct-20,중앙선,165,국수,1,555,944,1955,1551,1761,1220,1287,1236,1633,1657,2094,2628,1612,1145,557,321,267,88,72,13,0,0,0
Oct-20,중앙선,166,아신,9,372,686,1776,1143,1123,1093,1005,1033,1107,1358,1325,1614,1616,1243,619,383,293,128,82,5,0,0,0
Oct-20,중앙선,167,오빈,1,140,379,903,712,683,584,471,559,513,586,702,681,889,629,253,155,111,53,23,3,0,0,0
Oct-20,중앙선,168,양평,25,1253,2588,6339,4444,3817,4950,4578,5607,5964,6731,7614,7114,7580,6310,3146,2699,2204,1430,768,88,1,0,0
Oct-20,중앙선,169,원덕,32,305,441,794,861,716,822,659,613,768,952,1083,1291,1017,671,334,148,63,32,12,1,0,0,0
Oct-20,중앙선,170,용문,277,789,1736,2937,3509,2603,3207,3155,4640,5815,8123,11317,11169,7843,4303,2431,1252,775,289,96,2,0,0,0
Oct-20,중앙선,171,지평,0,0,0,292,155,7,337,0,0,0,0,57,852,1,61,160,1,2,0,0,0,0,0,0
Oct-20,장항선,224,봉명,19,969,1433,2116,1954,2021,2256,2251,2008,1754,2013,2197,1950,2459,1551,789,615,483,366,386,3,0,0,0
Oct-20,장항선,225,쌍용(나사렛대),58,1665,2954,6134,5080,2827,2660,3063,3026,3017,3579,3195,3455,3806,3768,2320,1763,1484,1071,690,7,0,0,0
Oct-20,장항선,226,아산,73,645,1572,5428,4924,3240,3049,3927,4228,3865,5089,5955,5120,6103,8245,6077,3766,4178,3081,1934,5,0,0,0
Oct-20,장항선,227,배방,82,801,1373,2058,2195,1668,1206,1397,1388,1616,1650,1588,1474,2257,2358,1374,890,986,722,438,0,0,0,0
Oct-20,장항선,228,온양온천,535,1537,3277,6859,7951,6849,5665,7542,7416,9159,8884,8574,7260,6641,8173,3356,2914,2225,1418,853,2,0,0,0
Oct-20,장항선,229,신창(순천향대),344,465,953,1960,1618,1700,1746,2843,3121,3294,3309,4506,4935,3693,5385,1811,1590,1447,773,419,2,0,0,0
Oct-20,경의선,173,신촌,1,192,314,564,529,475,510,529,685,592,836,945,1736,3036,3001,1447,1209,1105,973,470,1,0,0,0
Oct-20,경의선,174,효창공원앞,3,523,1610,4093,5782,3919,2740,2666,2877,2993,2923,3350,4015,5786,11410,5156,2976,2401,1828,835,45,0,0,0
Oct-20,경의선,176,서강대,6,407,1607,2623,3527,2414,2233,2156,2502,2659,2670,2809,3907,5081,5854,3204,2857,3478,3292,1294,93,0,0,0
Oct-20,경의선,178,가좌,0,2231,6545,18193,21715,10132,7736,6781,7207,6508,6301,6431,7801,7763,7669,4652,3260,2847,2302,888,34,0,0,0
Oct-20,경의선,180,수색,0,736,1720,3678,3533,2611,2019,2078,2151,2376,2324,2725,3807,7442,11938,4992,2783,2158,1642,603,26,0,0,0
Oct-20,경의선,181,화전,0,530,1206,3137,3889,2254,1962,2024,2561,2485,2468,2730,3201,4335,4642,2127,1570,1061,824,445,22,0,0,0
Oct-20,경의선,182,강매,0,1798,5023,15527,15136,6622,4414,3724,3629,3382,2826,2709,2861,3137,3345,1335,872,802,528,195,9,0,0,0
Oct-20,경의선,183,행신,0,3223,10925,35705,30267,13443,9273,9670,9412,8371,6979,6854,9578,11616,9624,5710,6151,4156,4566,1833,341,1,0,0
Oct-20,경의선,184,능곡,1,2356,5699,14361,13777,7740,5688,5133,5022,5347,4394,4238,4904,5713,5258,3116,2221,1754,1184,478,43,0,0,0
Oct-20,경의선,185,곡산,1,212,721,1709,1384,859,700,743,739,644,749,1067,1016,1710,1873,614,576,439,276,114,10,0,0,0
Oct-20,경의선,186,백마,2,3174,12991,30882,23305,10932,8260,7991,8831,7392,7039,7274,8450,8996,10153,4465,3231,3435,2776,893,57,0,0,0
Oct-20,경의선,187,풍산,1,2894,8786,21164,17327,9993,7337,7102,7517,6879,6954,7017,8178,7783,7976,4469,3909,4027,2423,886,83,0,0,0
Oct-20,경의선,188,일산,6,6043,18259,44497,29543,15699,11762,11752,12187,11217,10610,11020,13278,11047,11676,6245,4653,3993,3482,1171,225,0,0,0
Oct-20,경의선,189,탄현,51,4686,15313,35361,22514,12885,10348,9653,9385,8460,8060,8506,8915,9052,10279,5310,4355,3939,2948,1332,207,0,0,0
Oct-20,경의선,190,야당,27,3706,11793,21909,18310,9972,8301,7711,7655,6964,6687,7251,8369,9320,8828,5750,5035,5184,4352,2023,436,0,0,0
Oct-20,경의선,191,운정,41,3043,13414,26909,21538,10561,8499,7627,7745,7299,6352,6675,8497,9778,10068,4732,3347,2688,1983,743,105,0,0,0
Oct-20,경의선,192,금릉,45,2457,6805,15801,11004,7363,6022,6114,6219,6112,5493,5519,6358,8009,8849,4439,3801,3087,2413,812,109,0,0,0
Oct-20,경의선,193,금촌,64,3108,8766,17055,16450,10775,9098,9572,10022,9669,9094,9579,10989,13055,14951,7280,5547,4241,3027,877,184,0,0,0
Oct-20,경의선,194,월롱,29,388,664,1763,2030,1675,1603,2089,3032,2805,2505,4161,5421,8663,11402,3864,3397,2043,907,210,10,0,0,0
Oct-20,경의선,195,파주,71,847,1256,2320,2404,1649,1618,2247,2876,2168,2274,3550,4972,5153,4335,1214,901,911,349,197,5,0,0,0
Oct-20,경의선,196,문산,894,2870,7723,14455,13998,9042,7507,7367,8370,8600,8986,9333,9743,11560,11110,5076,3742,3356,1771,376,2,0,0,0
Oct-20,경의선,197,임진강,0,0,0,0,0,22,90,1,0,0,0,319,295,545,1,0,0,0,0,0,0,0,0,0
Oct-20,경의선,198,서울역,3,906,811,2057,2610,1451,1304,1620,2381,2947,3429,3865,6503,16113,23083,10474,6617,3557,784,1622,1,0,0,0
Oct-20,경의선,199,공덕,4,481,1611,4274,4560,3188,2741,3084,3570,3797,3798,3807,4739,7945,15148,6683,4922,5048,4128,1923,105,0,0,0
Oct-20,경의선,200,홍대입구,6,366,704,1321,1431,1078,1085,1068,1368,1716,1908,2308,2897,4270,6153,4270,3771,4621,5536,2376,151,0,0,0
Oct-20,경의선,201,디지털미디어시티,3,806,2230,8287,8079,4092,2950,2982,3132,2921,2757,3024,3982,4775,5237,2819,1834,1655,1225,661,68,0,0,0
Oct-20,경의선,202,김포공항,0,0,0,0,0,0,1,0,0,1,0,0,0,0,0,0,0,0,0,0,0,0,0,0
Oct-20,경의선,203,계양,0,0,0,0,0,1,0,2,0,1,0,0,0,0,0,0,0,0,0,0,0,0,0,0
Oct-20,경의선,204,검암,0,0,0,0,1,0,0,0,0,0,0,0,0,0,0,0,0,0,0,0,0,0,0,0
Oct-20,경춘선,205,신내,3,680,1671,4648,4487,2543,2011,1747,1928,1956,1845,2443,3220,3720,3285,1469,892,634,574,304,1,0,0,0
Oct-20,경춘선,206,갈매,14,1409,3718,16034,9638,5817,3640,2890,3472,3347,3031,2972,3872,3779,4766,2378,1625,2220,1541,697,16,0,0,0
Oct-20,경춘선,207,별내,46,1004,2360,9493,7688,4540,3334,3235,3518,3277,3299,3908,5715,7185,5435,2839,2222,1968,1717,1055,21,0,0,0
Oct-20,경춘선,208,퇴계원,13,2427,5368,17183,12894,8099,5793,4678,4956,4513,3633,4066,4207,4883,5661,2974,1803,1418,1087,442,29,0,0,0
Oct-20,경춘선,209,사릉,36,2150,5471,16671,12103,6771,4903,4093,4354,4230,3529,3802,3841,5752,7399,2967,1576,1406,862,316,21,0,0,0
Oct-20,경춘선,210,금곡,9,1194,2197,4774,4298,2878,2693,2137,2160,2262,1941,2246,2095,2390,3458,1254,725,598,453,227,5,0,0,0
Oct-20,경춘선,211,평내호평,550,5033,8728,26250,17253,9764,9026,7960,9003,7243,7116,7305,8016,8184,8440,5019,3802,4129,3062,1671,78,0,0,0
Oct-20,경춘선,212,천마산,9,924,3340,6699,5106,3904,3258,2547,2901,2370,2565,2077,2363,2091,2051,944,718,702,413,161,4,0,0,0
Oct-20,경춘선,213,마석,27,1369,6231,14607,9957,7417,6516,5590,6376,5588,5403,5505,6742,7142,7896,3703,2684,2135,1352,574,21,0,0,0
Oct-20,경춘선,214,대성리,0,140,497,993,967,843,958,1335,1166,1095,1279,1625,1918,2094,1586,757,451,268,120,66,5,0,0,0
Oct-20,경춘선,215,청평,6,892,1881,2651,3619,2933,2995,3632,3111,3202,3439,3769,4208,4396,3599,1592,999,706,416,109,5,0,0,0
Oct-20,경춘선,216,상천,0,93,240,495,651,490,433,565,625,894,1453,1769,1838,1418,709,294,112,96,13,10,0,0,0,0
Oct-20,경춘선,217,가평,1,634,1325,2225,3069,2475,2711,3657,2945,3362,4876,6427,7637,7706,6114,2642,1685,1092,568,246,26,0,0,0
Oct-20,경춘선,218,굴봉산,0,57,66,159,216,236,178,242,276,513,716,819,828,626,319,136,47,34,8,7,0,0,0,0
Oct-20,경춘선,219,백양리,0,3,15,36,110,70,92,199,180,217,362,498,491,425,294,76,66,50,12,6,1,0,0,0
Oct-20,경춘선,220,강촌,0,85,149,314,414,532,446,863,1438,1378,2093,2954,3217,2808,1851,849,438,253,83,32,3,0,0,0
Oct-20,경춘선,221,김유정,1,63,170,325,349,265,315,452,741,1125,1498,1923,1853,1806,1096,495,230,114,24,22,4,0,0,0
Oct-20,경춘선,222,남춘천,425,1246,3204,3216,3586,4155,3807,4065,4069,5255,6357,5855,5747,5756,4355,3134,2776,2345,1444,471,3,0,0,0
Oct-20,경춘선,223,춘천,263,405,1404,1373,1753,1965,2118,2381,2315,3327,4781,6274,6965,5974,4522,2536,1805,1191,561,130,4,0,0,0
Oct-20,수인선,340,고색,209,1164,3480,7654,6436,3694,2989,2979,3002,2984,2703,2853,3433,6376,9273,3376,3284,1848,1331,445,18,0,0,0
Oct-20,수인선,341,오목천,1,375,2401,4633,5659,3724,3869,4180,4703,4033,3472,4182,5776,5076,5593,2354,1717,1314,977,360,2,0,0,0
Oct-20,수인선,342,어천,0,113,380,805,867,824,966,996,1012,955,877,1075,1210,1391,1934,723,430,275,183,69,0,0,0,0
Oct-20,수인선,343,야목,1,94,171,297,412,343,356,385,420,433,348,402,455,581,477,237,157,87,73,35,1,0,0,0
Oct-20,수인선,344,사리,0,1773,5438,11338,11331,6571,5548,5567,5769,5990,4884,4274,4265,4768,4396,2789,1702,1519,1225,548,9,0,0,0
Oct-20,수인선,345,달월,0,7,17,79,89,63,91,104,130,90,110,197,181,619,309,85,28,28,20,13,1,0,0,0
Oct-20,수인선,346,월곶,14,1034,3198,8755,7485,3991,3117,3221,3447,3841,3960,4088,4393,4676,4654,3111,2220,2233,1373,612,4,0,0,0
Oct-20,수인선,347,소래포구,8,2347,5485,14374,11085,6416,6164,8402,11676,16236,22507,24159,21030,15645,11533,6976,5614,5131,4400,1999,30,0,0,0
Oct-20,수인선,348,인천논현,3,1920,5274,12883,12394,7036,6307,6952,7262,7104,7292,7862,8576,10865,12307,7323,6245,6717,4437,2594,14,0,0,0
Oct-20,수인선,349,호구포,1,1329,2886,5952,6669,4100,3293,3778,4093,3821,3835,4058,5037,11112,13467,4618,5388,3599,1629,971,7,0,0,0
Oct-20,수인선,350,남동인더스파크,0,393,771,959,1783,1251,1381,1804,1673,2043,2356,2998,3341,10321,11602,4294,3826,1755,500,249,0,0,0,0
Oct-20,수인선,351,원인재,38,2786,5846,12848,13708,7675,6295,6232,6496,6880,5827,6024,6254,7271,7333,4691,3676,3599,2691,1536,99,1,0,0
Oct-20,수인선,352,연수,2,2061,5275,12821,11359,5908,5519,5949,6403,6781,6352,6689,7413,7841,8733,5428,4611,5018,4130,2455,47,0,0,0
Oct-20,수인선,353,송도,1,1575,3502,8623,8783,4057,3405,4068,4532,4571,4230,4010,4095,4364,3983,2462,1644,1297,959,466,10,0,0,0
Oct-20,수인선,354,인하대,3,2678,7607,18973,14791,7653,6584,7242,8180,8024,7479,8322,10147,10334,11030,5751,4633,4403,3411,2029,66,0,0,0
Oct-20,수인선,355,숭의,18,2692,4657,10631,8859,5549,4999,5118,5394,5346,5160,5349,6436,8441,8929,3890,2285,2015,1380,774,8,0,0,0
Oct-20,수인선,356,신포,4,1154,1158,2547,2464,1631,1514,2046,2449,2634,3094,3493,4571,4533,6132,2608,2248,1742,1122,542,1,0,0,0
Oct-20,수인선,357,인천,58,588,851,1732,1606,1258,1303,1664,1927,2129,2545,2752,3654,3681,2777,1760,1237,1070,543,127,1,0,0,0
Oct-20,경강선,238,판교,13,667,1412,4251,3268,2160,2047,2601,2682,3135,3640,5952,6064,11293,19325,14385,11861,8126,4211,1351,2,0,0,0
Oct-20,경강선,239,이매,8,512,1291,3926,3126,1635,1292,1346,1365,1337,1251,1390,1494,2307,2072,1256,1064,1062,895,448,12,0,0,0
Oct-20,경강선,240,삼동,0,851,3051,9984,12315,5924,3441,2528,2456,2575,1973,1961,2039,2970,3007,1403,809,665,346,124,4,0,0,0
Oct-20,경강선,241,경기광주,0,1951,11124,30182,31172,16201,10349,8939,9373,8664,7393,6953,8085,9621,8479,4516,3012,2640,1453,522,0,0,0,0
Oct-20,경강선,242,초월,1,1259,4108,10839,12633,6566,4265,3964,3878,3825,3122,3213,4228,4907,4964,2376,1488,1234,506,202,0,0,0,0
Oct-20,경강선,243,곤지암,1,698,1768,5977,5608,3665,2713,3031,3362,3420,3391,4163,5378,7335,6452,2569,1460,1039,422,188,0,0,0,0
Oct-20,경강선,244,신둔도예촌,1,501,1567,3777,3140,1968,1712,1637,1634,1600,1480,1529,2365,3883,3364,1303,837,690,299,103,0,0,0,0
Oct-20,경강선,245,이천,7,664,1999,5703,5464,4007,3869,3936,3827,3994,3704,4216,5223,5526,6544,3689,2771,2220,1091,478,0,0,0,0
Oct-20,경강선,246,부발,2,724,1648,3948,3720,2623,2204,2543,2813,2400,2546,3064,3552,6212,6022,2310,1978,1348,751,298,8,0,0,0
Oct-20,경강선,247,세종대왕릉,0,155,437,805,623,517,490,485,482,522,638,766,894,841,733,285,170,90,35,6,0,0,0,0
Oct-20,경강선,248,여주,2,950,2429,4309,3973,3146,3337,3270,3734,4109,5016,6066,6862,5821,4015,3111,1880,1399,739,184,1,0,0,0
Oct-20,5호선,385,방화,9,4555,9592,25240,22425,12103,9596,9133,9803,9568,8864,9002,11391,10322,10185,4917,3390,2997,2108,618,2,0,0,0
Oct-20,5호선,386,개화산,2,3495,6009,18022,16595,8722,6995,6477,7084,6968,6318,6648,7982,9616,9683,4733,3304,2600,2037,511,9,1,0,0
Oct-20,5호선,387,김포공항,2,305,1514,4280,5513,6726,6722,9044,9030,11128,13363,15797,14412,18550,24139,16416,14143,13828,10536,1446,18,0,0,0
Oct-20,5호선,388,송정,31,3885,7505,18403,19745,13045,10066,9413,9315,9400,8871,9011,10029,12511,13621,7181,5428,4731,3634,1489,23,3,0,0
Oct-20,5호선,389,마곡,3,1741,5789,19191,18824,10511,8562,8803,8469,9256,10205,11568,15980,20414,29022,12444,8326,6654,4786,1811,19,0,0,0
Oct-20,5호선,390,발산,0,3124,8155,22813,24742,15127,14380,17210,20073,22019,24622,29328,36022,52368,69364,33585,24773,25093,20450,6868,34,6,0,0
Oct-20,5호선,391,우장산,5,5432,17417,48798,50624,26144,20247,19720,20632,19685,17938,20652,21327,20200,18510,10472,8066,6808,5546,1571,7,2,0,0
Oct-20,5호선,392,화곡,75,20207,34306,102161,130839,61847,39069,35466,36692,34726,29800,28978,31418,34567,35455,21660,15229,12951,10403,3518,21,3,0,0
Oct-20,5호선,393,까치산,117,23041,37783,113241,140615,69322,41818,36946,38389,36728,31422,28734,30611,30898,30583,19509,14964,12654,10012,4337,37,5,0,0
Oct-20,5호선,394,신정(은행정),55,10478,20341,60268,74310,33328,17870,15373,15619,14950,12418,11781,12729,14034,14919,7791,5738,4384,4063,1249,3,1,0,0
Oct-20,5호선,395,목동,3,7625,17996,53972,65803,31186,21371,20433,20747,21031,19736,19296,20544,24585,27703,15470,12671,11886,14491,4048,10,1,0,0
Oct-20,5호선,396,오목교(목동운동장앞),5,4147,12659,43580,50004,25851,19548,21691,24712,27146,27144,30053,35303,45035,66626,36060,36728,26283,26352,6990,6,5,0,0
Oct-20,5호선,397,양평,5,1738,5568,19806,22351,9561,6406,6068,6730,6973,6275,7212,7567,12994,29378,9231,5202,4064,3061,1205,3,1,0,0
Oct-20,5호선,398,영등포구청,0,916,1921,6773,9695,4470,3567,3633,3974,4473,4430,4700,5301,7953,17289,6384,3782,3542,2438,975,4,3,0,0
Oct-20,5호선,399,영등포시장,2,2463,4709,16017,22843,10461,8128,8836,10170,11272,11235,13604,16274,20582,30012,13621,9083,7574,5948,2034,5,1,0,0
Oct-20,5호선,400,신길,61,1417,3013,10999,16132,6461,3446,3223,3508,3552,3299,3388,4299,6296,11679,4576,2790,2820,2049,1003,3,0,0,0
Oct-20,5호선,401,여의도,8,1851,3428,7910,11927,9780,9799,14554,14444,17688,20353,26004,33839,99899,146986,52128,35347,33752,22079,6222,16,3,0,0
Oct-20,5호선,402,여의나루,2,872,2065,4462,6764,4235,3922,4498,5538,6106,7646,11343,16797,34801,49948,22809,16503,15057,10509,3426,11,2,0,0
Oct-20,5호선,403,마포,21,2201,6784,21284,29588,15120,11800,12259,12854,15027,14462,15060,18980,28135,51042,21102,15529,16735,12745,4532,22,1,0,0
Oct-20,5호선,404,공덕,8,1716,4671,17875,24566,12444,9777,11653,13201,14634,14425,15362,19499,33663,61544,24237,17311,17381,13202,5333,34,1,0,0
Oct-20,5호선,405,애오개,13,1894,4374,15736,21809,10473,7332,7415,7483,7866,7785,8819,8712,11928,21812,7530,5209,4161,3479,1059,4,2,0,0
Oct-20,5호선,406,충정로(경기대입구),15,916,1991,5618,7540,4386,3509,3658,4284,4549,5030,5102,5796,11973,27047,7800,4643,4056,2835,956,6,0,0,0
Oct-20,5호선,407,서대문,9,2525,5176,15011,19552,13974,13478,15432,16086,15440,18524,22125,29845,46448,92105,27648,19276,17511,11852,3953,14,0,0,0
Oct-20,5호선,408,광화문(세종문화회관),3,776,2807,7500,12044,10520,10550,15685,18732,25070,29774,36702,48244,92925,185699,71830,49127,52259,31248,9647,15,1,0,0
Oct-20,5호선,409,종로3가,25,1153,1878,3101,3511,3486,4819,7868,11773,14671,17954,21812,27284,36305,51789,30014,25315,27764,23377,9363,29,17,0,0
Oct-20,5호선,410,을지로4가,2,307,486,1042,1566,2033,2885,4318,4960,6177,7836,9270,10761,20088,31153,14984,8076,6528,4462,1777,5,0,0,0
Oct-20,5호선,411,동대문역사문화공원(DDP),0,190,544,739,1342,1049,1125,1424,1378,1548,2103,2424,3006,8609,18093,7529,3692,2953,2215,680,3,0,0,0
Oct-20,5호선,412,청구,2,1326,2691,6286,9566,6078,4436,4539,4961,5064,4819,4946,5966,7607,12138,7625,4657,3849,2837,1083,2,0,0,0
Oct-20,5호선,413,신금호,12,2730,6124,18693,24764,13083,8423,7314,7830,7866,6822,7792,9667,8741,9966,6215,4512,3318,2508,972,8,0,0,0
Oct-20,5호선,414,행당,9,3559,9761,28298,39244,18688,11805,10534,10472,10281,8690,9304,8808,9373,9872,6046,4683,3801,3338,1037,11,0,1,0
Oct-20,5호선,415,왕십리(성동구청),12,1771,2147,5177,8059,4591,3865,4554,5100,5582,5693,6493,7492,9428,13776,7903,6727,6614,5832,2711,31,3,0,0
Oct-20,5호선,416,마장,1,2381,5061,13704,19241,10215,7163,6950,7301,6924,6987,6930,8090,9476,11497,6449,4319,3643,3180,1133,26,0,0,0
Oct-20,5호선,417,답십리,9,8408,16247,50525,68517,30874,18214,16719,17777,17931,16366,17023,19387,24214,30367,16201,10768,9076,6507,2495,39,0,0,0
Oct-20,5호선,418,장한평,15,6226,15329,44927,60518,31018,19222,16974,18956,19178,18769,20294,24386,32923,49648,23771,13430,11642,9092,3303,33,2,0,0
Oct-20,5호선,419,군자(능동),58,7354,10227,29602,43162,19118,11575,11350,12324,12700,11890,12095,13645,17005,20731,13263,10360,10374,9091,3755,10,2,0,0
Oct-20,5호선,420,아차산(어린이대공원후문),1,7731,14350,38707,54366,27652,18415,17208,19823,21626,23204,23938,26280,26615,24844,15194,10544,9849,7403,2338,9,3,0,0
Oct-20,5호선,421,광나루(장신대),4,4754,13585,33676,41251,24456,16326,15595,16835,18474,18330,18931,24104,23769,28411,14362,9426,9127,7062,2046,8,0,0,0
Oct-20,5호선,422,천호(풍납토성),70,6624,10391,24818,29965,19737,18751,21436,24879,25860,26950,31548,35676,41242,48021,33652,32531,23647,19495,7866,36,3,0,0
Oct-20,5호선,423,강동,65,10919,19395,52500,65172,35042,24280,22214,23171,22896,22462,22762,25644,37182,44496,21518,13914,11011,8809,3023,21,2,0,0
Oct-20,5호선,424,길동,7,4411,7788,19977,25048,12797,10099,9984,10668,10640,9673,9924,11010,12645,15356,7928,5535,5340,3680,1311,16,2,0,0
Oct-20,5호선,425,굽은다리(강동구민회관앞),0,6156,11366,32998,34682,18687,12876,12031,12218,12281,10988,10765,11516,12875,13894,7666,5781,5502,4138,997,23,0,0,0
Oct-20,5호선,426,명일,0,4127,10887,33467,30523,15246,12410,11637,11587,10710,10470,9640,11023,11128,10870,6164,4512,4567,2887,1108,36,5,0,0
Oct-20,5호선,427,고덕,8,3203,10254,27291,24783,13400,11698,11647,11998,11236,11599,12616,17480,16077,13493,7153,5743,5470,5455,1539,44,0,0,0
Oct-20,5호선,428,상일동,13,7804,28017,79204,59312,28553,20478,18642,18534,17666,15380,15494,18048,20580,18685,9209,6648,4915,3161,1144,75,2,0,0
Oct-20,5호선,429,둔촌동,3,3580,7876,20882,24954,12616,10039,9651,10680,10732,10317,10958,12773,15671,18387,9986,7129,6727,4801,1605,4,0,0,0
Oct-20,5호선,430,올림픽공원(한국체대),2,899,4617,10735,10575,6591,5264,5271,5293,5873,6204,7735,9287,10590,10413,5098,3271,2256,1886,510,3,0,0,0
Oct-20,5호선,431,방이,1,1916,6664,17075,15991,9107,7404,7667,8401,8334,8063,9251,10292,12412,18476,9709,7530,8704,8722,1626,2,2,0,0
Oct-20,5호선,432,오금,0,1115,2387,8181,8198,4932,4073,4347,4935,4588,4666,5257,6590,8957,13365,4378,3411,2704,1985,625,3,0,0,0
Oct-20,5호선,433,개롱,0,3226,7092,22859,18244,11171,8465,8465,8600,8791,7659,7909,9160,12033,12551,5796,4287,3890,2488,748,5,2,0,0
Oct-20,5호선,434,거여,0,4282,9498,30234,26547,14271,10274,9116,9326,9152,8969,9511,12446,15130,13553,5751,4404,4048,2594,785,7,3,0,0
Oct-20,5호선,435,마천,15,5468,8751,22698,21998,10559,8105,7063,7663,7620,7289,7024,8654,9091,8196,3933,2935,2170,1173,339,2,0,0,0
Oct-20,5호선,436,미사,12,4506,16231,54143,44323,22163,15358,13736,14249,12589,12044,11996,16936,18332,17585,9759,8035,7606,6387,2332,51,0,0,0
Oct-20,5호선,437,하남풍산,2,1619,5956,19671,12885,6535,5255,5038,4925,5030,4796,5223,7462,9603,10611,5227,3466,3626,2259,461,2,0,0,0
Oct-20,6호선,438,응암,9,10212,21974,63735,77931,39229,25342,22731,24124,23266,21000,20128,20873,21459,20952,13283,9832,8086,6622,2439,12,2,0,0
Oct-20,6호선,439,역촌,0,1743,4685,14173,15605,7934,5051,4821,5381,5372,4446,4341,4399,4845,4903,2788,1926,1656,1471,469,2,2,0,0
Oct-20,6호선,440,불광,26,1457,3182,9433,11047,6117,5200,6071,6866,7668,8103,9194,10288,10461,9998,5994,4447,3922,2729,719,4,0,0,0
Oct-20,6호선,441,독바위,0,1746,4102,12514,12396,5953,3715,3684,3966,3883,3736,3677,3749,3465,2767,1693,1118,948,680,280,4,0,0,0
Oct-20,6호선,442,연신내,0,0,1,0,1,1,0,1,1,1,2,0,0,1,1,1,2,0,1,1,0,0,0,0
Oct-20,6호선,443,구산,11,4646,9041,24533,29908,14940,10322,9864,10073,9453,8265,9127,11086,9465,8549,5425,3704,3328,3142,905,0,1,0,0
Oct-20,6호선,444,새절(신사),1,8576,17663,49096,57092,28084,18691,16949,17637,16048,14527,14228,16039,15408,15354,9454,6435,5399,4320,1461,6,1,0,0
Oct-20,6호선,445,증산(명지대앞),14,7167,13170,35548,43526,23677,15527,13379,13573,13376,11851,11426,12107,13002,12397,7821,5586,4362,3626,1390,7,3,0,0
Oct-20,6호선,446,디지털미디어시티,114,5171,11755,36884,42404,22225,13242,11695,11926,11559,11626,12859,16644,29256,46579,20418,10419,8438,5890,2429,50,4,0,0
Oct-20,6호선,447,월드컵경기장(성산),0,1034,2230,7962,10026,5782,5484,6557,7305,8677,11572,15709,19803,19338,12699,6534,4987,3920,3421,876,5,0,0,0
Oct-20,6호선,448,마포구청,6,6160,11969,35005,46666,28009,18062,16636,16274,17125,15488,16310,17987,22067,34245,16638,11180,10739,7812,3218,8,2,0,0
Oct-20,6호선,449,망원,8,4784,9187,23595,34346,21159,15719,15484,17503,18361,18983,20243,22996,26481,34865,23064,18514,18498,15801,6545,9,4,0,0
Oct-20,6호선,450,합정,33,3450,4973,12434,18849,13362,10609,11476,13672,15693,16908,18403,21854,27426,43251,28251,23406,26246,23904,10711,23,11,0,0
Oct-20,6호선,451,상수,6,1999,3715,7847,12035,7616,5339,5651,7826,9151,9060,9598,11920,16941,23946,16305,13679,15523,16404,8667,21,4,0,0
Oct-20,6호선,452,광흥창(서강),1,2693,6214,16182,20074,13444,9609,10307,10201,10374,10456,10782,12032,17563,28465,12712,8387,7331,5145,1828,4,0,0,0
Oct-20,6호선,453,대흥(서강대앞),11,2210,4976,12270,17336,10848,8054,8540,9696,10543,9464,11281,13146,17575,22556,11104,8114,8229,7864,2694,6,1,0,0
Oct-20,6호선,454,공덕,110,4493,6952,18087,25946,17139,14824,16763,18223,19496,19478,23223,26936,45086,77226,32855,23725,22784,17739,7971,108,9,0,0
Oct-20,6호선,455,효창공원앞,6,2348,4358,14082,22039,13121,8529,8147,8672,8687,8093,8602,10273,13790,19850,9653,5835,5346,3997,1635,11,1,0,0
Oct-20,6호선,456,삼각지,1,1082,2570,5862,8346,5869,4602,5410,6466,7591,7546,8826,10409,15760,21893,9855,6985,6879,5701,2521,11,0,0,0
Oct-20,6호선,457,녹사평(용산구청),21,1029,1729,4398,6977,4914,4207,4351,4707,5345,5993,6664,9886,11638,16659,10167,8879,9502,8690,4506,13,7,0,0
Oct-20,6호선,458,이태원,3,3966,5330,8515,12589,9546,7497,8484,10385,11851,12839,14834,20320,25017,29252,21653,18799,20705,21455,12032,63,16,0,0
Oct-20,6호선,459,한강진,6,505,1173,3043,4679,3766,3173,4148,5066,5897,7693,11526,19908,24494,29954,21781,16888,21781,20465,4042,11,0,0,0
Oct-20,6호선,460,버티고개,0,609,1614,4440,7150,4371,3024,2897,3015,2951,2762,3326,3280,4432,5583,3457,1996,1534,1370,507,0,0,0,0
Oct-20,6호선,461,약수,3,1248,1664,4273,6208,4641,3958,3846,4378,4678,4772,5123,6243,7925,10700,5677,4191,4333,3441,1535,4,0,0,0
Oct-20,6호선,462,청구,2,1535,2764,6590,8853,5430,3834,3907,4082,4279,4151,4472,5666,7199,11955,7807,4619,4149,2958,1188,7,1,0,0
Oct-20,6호선,463,신당,129,6480,5753,6712,9846,8600,7284,8422,9988,8733,9665,10927,15554,16770,22799,13233,10459,10363,8816,3864,15,3,0,0
Oct-20,6호선,464,동묘앞,102,3951,3969,8000,10498,9614,8570,10803,13706,13779,17318,19157,21160,23533,24154,11509,7599,6427,4923,2108,20,2,0,0
Oct-20,6호선,465,창신,5,2223,4436,12503,15041,7717,4430,3846,3969,4128,3273,3477,5249,4790,4697,2668,2435,1730,1225,507,2,0,0,0
Oct-20,6호선,466,보문,14,3225,6153,17375,26416,14492,8603,8353,9199,9243,8298,8682,10160,11850,16011,8251,5855,5225,4262,2125,6,0,0,0
Oct-20,6호선,467,안암(고대병원앞),56,1484,2577,7502,9941,8635,9606,11408,12591,12496,13718,16936,20071,30923,28064,16322,13459,14919,15344,7673,7,4,0,0
Oct-20,6호선,468,고려대(종암),5,3391,6285,18106,22491,12599,8571,8850,9533,10269,9439,10146,13265,18711,17703,9035,6700,7174,6110,1821,7,2,0,0
Oct-20,6호선,469,월곡(동덕여대),26,5755,11149,35085,40030,21091,14387,13380,14274,13927,12935,12515,14108,16069,21853,11600,8248,6922,5319,2380,11,1,0,0
Oct-20,6호선,470,상월곡(한국과학기술연구원),16,4494,7834,21869,25940,13763,8976,7771,7868,7699,7095,6383,7209,7891,9146,5798,3034,2506,2001,1064,6,1,0,0
Oct-20,6호선,471,돌곶이,12,5691,10966,28540,33123,17041,11524,10326,10683,10726,9893,9656,10578,11955,12358,8687,5169,4568,3701,1561,1,0,0,0
Oct-20,6호선,472,석계,839,7455,17609,45373,50176,27022,18294,15944,16281,16419,14843,13704,14138,15226,14306,10639,7986,6910,5886,3157,39,3,0,0
Oct-20,6호선,473,태릉입구,22,4006,5855,16721,19452,9614,6985,6423,7080,7270,6947,6994,7143,7871,8200,5418,4285,3617,3175,1468,9,1,0,0
Oct-20,6호선,474,화랑대(서울여대입구),10,5259,17416,53754,49244,23353,14530,14126,14195,13818,12054,11941,15489,14966,12638,7211,4676,3523,3050,1322,1,2,0,0
Oct-20,6호선,475,봉화산(서울의료원),0,4593,13528,43579,37302,17763,12248,10735,11072,10215,9448,8963,9400,10803,9894,5075,3783,3287,2567,889,3,1,0,0
Oct-20,6호선,476,신내,0,0,0,0,0,3,0,0,0,0,1,0,0,0,0,1,0,0,0,0,0,0,0,0
Oct-20,7호선,477,장암,0,1335,5620,14591,9942,3327,2014,1720,1953,2238,2489,3235,3730,4154,3323,1768,1034,760,392,118,0,0,0,0
Oct-20,7호선,478,도봉산,48,4571,15819,47368,36208,18047,10951,9910,11361,11464,12482,13813,16089,14803,12006,6424,4185,2986,2285,638,28,1,0,0
Oct-20,7호선,479,수락산,31,8613,19503,45330,44408,25118,18120,16640,17659,18557,18824,19042,19773,19619,19563,11949,7807,6464,4621,1763,23,2,0,0
Oct-20,7호선,480,마들,14,8613,19624,54044,49263,25069,18447,16586,16878,15519,13807,13508,13059,12442,10984,6402,5077,3749,3045,1124,6,1,0,0
Oct-20,7호선,481,노원,29,6876,13258,33650,34010,25115,24281,26581,27276,28801,30182,32468,36060,37590,41875,25401,26170,20406,20772,6693,70,3,0,0
Oct-20,7호선,482,중계,14,8153,20737,55367,58081,30307,21284,19042,19278,17469,15079,17073,18673,19229,16172,9065,6880,6277,5681,1584,12,0,0,0
Oct-20,7호선,483,하계,7,7246,20862,61522,64139,35013,24474,23537,24907,23600,22525,24938,26985,27783,23256,13974,10261,10043,8350,2523,10,4,0,0
Oct-20,7호선,484,공릉(서울과학기술대),16,6091,12692,32936,37975,21261,16165,15058,16405,16279,15559,17062,19322,19252,21607,12565,10074,9065,7837,3493,7,2,0,0
Oct-20,7호선,485,태릉입구,121,6612,6929,19193,23719,15224,10676,10190,11134,11257,11424,11838,13415,16585,17170,10551,7596,7128,5880,2417,17,1,0,0
Oct-20,7호선,486,먹골,41,6994,11568,33660,40362,22886,14315,13445,13992,13466,12506,11846,11953,13383,14679,9606,6368,5404,4420,1909,11,1,0,0
Oct-20,7호선,487,중화,15,8105,13273,33363,43317,24433,15368,13582,14086,13699,12263,12034,13783,16231,17711,11010,6944,6495,4621,1939,8,1,0,0
Oct-20,7호선,488,상봉(시외버스터미널),326,10355,17275,46784,63567,33420,19519,18264,19652,20006,19043,19835,23178,29036,31858,21737,15997,15098,11512,5427,64,6,0,0
Oct-20,7호선,489,면목,37,12472,20312,52058,66620,36432,21744,19616,20126,19728,18185,17831,19329,20027,20252,15993,9691,7913,6169,2465,14,1,0,0
Oct-20,7호선,490,사가정,4,10724,20063,50502,64886,37516,23086,20566,22121,21194,19881,19513,21115,23742,23693,17201,12406,11198,8454,3836,20,4,0,0
Oct-20,7호선,491,용마산(용마폭포공원),8,4652,9498,21412,26805,14794,8384,7828,7677,7347,7020,6512,7762,7856,7780,4841,2882,2517,1754,823,2,0,0,0
Oct-20,7호선,492,중곡,4,5185,11340,28565,41434,24086,13997,12480,12991,12627,11628,11331,15964,14603,13351,9261,5800,4768,3862,1518,5,2,0,0
Oct-20,7호선,493,군자(능동),25,7922,12520,30508,52063,33710,17820,15370,15763,16790,15317,16026,18098,22622,28691,18276,14471,13756,11329,5263,30,2,0,0
Oct-20,7호선,494,어린이대공원(세종대),12,3395,6579,15296,27390,19240,11386,11012,14758,15214,15182,18415,23618,32390,34198,17463,13231,13070,13194,6159,12,3,0,0
Oct-20,7호선,495,건대입구,15,4092,4262,11363,17362,13631,10714,11662,13217,14378,15981,19891,23228,32238,32974,22774,24915,20893,18904,9106,25,9,0,0
Oct-20,7호선,496,뚝섬유원지,10,4286,7760,18640,27050,17708,9836,8099,8462,8956,9246,10665,13735,17708,19017,13394,11315,10893,8344,3720,25,9,0,0
Oct-20,7호선,497,청담,23,2259,5942,8978,12447,10275,9852,12444,15443,16231,19009,26464,33582,53873,99427,52434,29867,27071,21773,5629,17,2,0,0
Oct-20,7호선,498,강남구청,9,1565,3476,6435,7945,7078,7229,9405,11080,13303,16408,21715,24637,38901,76198,46324,28153,28050,21531,7426,23,1,0,0
Oct-20,7호선,499,학동,6,2245,4630,7506,10017,9289,9402,11770,14134,16708,21799,26652,32690,61539,141899,69542,34926,31988,23898,7970,39,0,0,0
Oct-20,7호선,500,논현,25,2863,4827,8416,14358,12452,10664,12434,14147,16360,19770,23627,28875,50753,93145,53514,34453,35471,32248,14226,58,2,0,0
Oct-20,7호선,501,반포,4,974,2798,7426,9779,6723,4703,5036,6341,7027,7168,9265,12694,14385,16249,11099,8604,9070,7556,1886,7,0,0,0
Oct-20,7호선,502,고속터미널,32,1075,2682,9266,15186,17331,16875,20097,20606,22389,23415,31154,33461,48752,49345,31266,32890,28296,23653,6862,38,3,0,0
Oct-20,7호선,503,내방,4,2296,6541,15329,25163,16911,12410,12778,13701,15775,15520,17425,21494,33428,63862,24238,16412,16169,12505,3875,15,2,0,0
Oct-20,7호선,504,이수,23,4741,7635,23482,38214,24301,16509,16043,17709,19244,19658,20785,23445,27743,39975,23073,21069,21356,19566,9675,42,11,0,0
Oct-20,7호선,505,남성,3,5726,11541,34873,51798,29045,16815,14436,14165,14288,12724,12420,12709,13849,14553,8685,7564,7264,5195,2145,29,4,1,0
Oct-20,7호선,506,숭실대입구(살피재),12,5417,10411,33093,45944,25015,15782,14686,16025,16247,14744,14470,17465,21341,18748,11925,10117,10467,8947,4295,23,2,0,0
Oct-20,7호선,507,상도,3,4256,9451,27606,38136,22201,14098,12643,13127,13016,12361,12220,14870,17152,17460,9535,7647,7526,7098,3325,17,0,0,0
Oct-20,7호선,508,장승배기,9,6440,10418,27264,39865,23691,14031,12132,12505,13392,11812,11137,12495,13378,15480,8314,6720,6299,5410,2013,12,1,0,0
Oct-20,7호선,509,신대방삼거리,19,9557,15527,45137,70784,38032,21957,19609,20690,19898,17901,17877,20719,22586,27599,15038,11485,9436,8061,3481,16,1,0,0
Oct-20,7호선,510,보라매,25,5956,7498,20635,30296,17653,10468,10477,11393,10889,11043,14160,14554,18028,29512,11169,8025,6739,5425,2113,9,2,0,0
Oct-20,7호선,511,신풍,73,10061,13838,35416,44356,25749,15478,13215,14291,13835,12782,12759,14327,17036,18525,10290,7273,6084,4257,1799,11,2,0,0
Oct-20,7호선,512,대림(구로구청),33,11906,7603,13865,18571,14466,11031,11162,12345,13129,13414,14175,14934,16600,18299,11464,9081,7393,5625,2734,28,3,0,0
Oct-20,7호선,513,남구로,11,18382,14438,27799,30311,20533,14277,13013,13772,13778,13544,14678,17311,34725,70751,31818,17826,12841,8266,3090,37,1,0,0
Oct-20,7호선,514,가산디지털단지,628,7416,8207,18941,21626,16916,15518,20423,25971,30446,35971,44902,59078,157875,288224,124980,68913,57011,30882,10479,98,3,0,0
Oct-20,7호선,515,철산,9,10206,24898,74962,81605,41957,26261,25066,26430,26028,23424,24474,27969,33017,32877,20796,18169,17828,15240,6557,107,3,0,0
Oct-20,7호선,516,광명사거리,239,21443,28629,73313,88041,45778,29628,27664,30147,30143,27944,28309,31403,35500,32886,21176,16590,12679,9274,3665,90,3,0,0
Oct-20,7호선,517,천왕,58,6378,13735,40817,51022,25708,13643,12031,12501,12433,11701,11582,13243,12523,11987,6744,4758,3772,2998,1031,27,1,0,0
Oct-20,7호선,518,온수(성공회대입구),105,7230,14119,44952,52871,22556,12268,11148,11948,11144,9739,10375,14581,13942,13074,6121,4514,4143,2797,1203,24,0,0,0
Oct-20,7호선,519,까치울,0,3853,9513,27398,35898,16610,9745,8668,9243,9528,8975,9203,10582,11125,10153,6312,4849,3802,2580,907,2,0,0,0
Oct-20,7호선,520,부천종합운동장,24,2854,5356,14978,18254,9198,5369,5342,5447,4902,4372,4575,5769,7350,9867,4000,2714,2191,1487,571,3,2,0,0
Oct-20,7호선,521,춘의,0,4376,8434,21586,23318,12611,8806,8290,8568,8920,8304,8473,10830,24222,37379,14920,10022,7820,4289,1303,2,0,0,0
Oct-20,7호선,522,신중동,0,5160,14432,40886,40080,20256,15002,14622,15541,15660,15288,16360,18560,24377,38030,17044,17771,10995,9381,4045,14,0,0,0
Oct-20,7호선,523,부천시청,12,5070,14056,38299,37898,18004,12330,12908,13791,13842,13438,15709,18525,22157,23875,15291,15366,12859,10530,3297,18,4,0,0
Oct-20,7호선,524,상동,8,4004,14146,35051,32697,16209,12036,13279,14826,14920,15318,17196,19870,22568,28134,16634,13960,15607,14060,4984,34,3,0,0
Oct-20,7호선,525,삼산체육관,14,2657,8786,21221,19319,9249,6016,6159,5871,5308,5381,5240,6484,5696,5254,3142,2023,1725,1286,605,7,0,0,0
Oct-20,7호선,526,굴포천,6,5938,13363,32339,33368,17233,10568,10116,10597,10250,9278,9108,10113,11174,12481,7127,5685,5306,4437,2077,51,1,0,0
Oct-20,7호선,527,부평구청,58,7971,19890,55795,48012,22815,13130,11665,12059,11392,9863,9648,10774,15421,14256,8196,6336,5086,3725,1248,7,1,0,0
Oct-20,8호선,528,암사,22,13570,22865,71537,92396,45576,25111,22232,22691,21952,19490,18045,19216,20317,21429,12449,9221,8049,5671,2108,6,0,0,0
Oct-20,8호선,529,천호(풍납토성),38,10784,15304,38263,52161,31358,17858,17493,19532,20031,19282,19700,21916,26325,29831,19635,17513,13621,10654,4389,30,5,0,0
Oct-20,8호선,530,강동구청,35,4299,9939,27679,36373,20616,12545,11625,11972,12179,11553,11456,13502,16441,25270,9998,6981,5984,4281,1619,7,0,0,0
Oct-20,8호선,531,몽촌토성(평화의문),5,1437,3066,8816,12605,7783,5082,5306,6224,6845,7820,9087,12807,16012,20315,8453,6300,5798,4330,1890,2,1,0,0
Oct-20,8호선,532,잠실(송파구청),1,1342,3473,7111,11896,9124,8119,10655,12836,15416,18666,23387,28030,38217,56335,33217,30126,26446,19955,6197,24,1,0,0
Oct-20,8호선,533,석촌,0,3039,5152,14125,20842,12077,8442,8630,9220,9693,9568,10110,11490,13506,18399,9950,8382,8583,7386,2717,13,1,0,0
Oct-20,8호선,534,송파,1,2430,7727,23813,28479,15586,11117,11057,10553,10384,10309,11366,12614,12274,14961,7682,5229,4390,3369,1334,8,0,0,0
Oct-20,8호선,535,가락시장,13,2625,4858,8845,11650,8758,8859,9829,9927,10683,11436,13147,13299,16897,25652,11506,9739,10376,8397,3258,4,2,0,0
Oct-20,8호선,536,문정,5,1882,5764,19731,27639,17387,13241,14502,15611,18222,20601,23265,26962,58445,109796,40845,25772,22771,17139,4762,8,1,0,0
Oct-20,8호선,537,장지,1,4646,14052,41709,49280,26236,16601,16298,18503,19552,19060,21269,27671,35462,46447,27177,20732,19630,13520,3394,7,2,0,0
Oct-20,8호선,538,복정,4,3757,9215,26662,35022,20375,12190,11324,11642,11524,11030,12572,16032,22502,25238,15035,9606,7403,6168,2062,16,0,0,0
Oct-20,8호선,539,산성,14,5398,9842,25378,30268,16924,10798,9533,10422,9819,9664,10313,11258,11596,9445,5129,3320,2691,1811,866,7,0,0,0
Oct-20,8호선,540,남한산성입구(성남법원.검찰청),13,8940,17958,43283,57771,29236,18967,17885,18328,18013,17583,17440,18717,21849,22905,11460,7210,5571,3791,1415,11,3,0,0
Oct-20,8호선,541,단대오거리,14,7530,13094,30509,36064,19974,13404,12645,13388,12959,11654,11251,12997,16341,19403,10432,6322,5099,3748,1365,7,0,0,0
Oct-20,8호선,542,신흥,0,3488,5052,11369,14126,8450,6129,5802,6180,6361,6275,6626,7147,7805,7546,4449,3611,2801,2308,848,15,1,0,0
Oct-20,8호선,543,수진,2,3523,5562,14032,18801,9823,7215,6603,7395,6973,6375,7592,9619,9298,7739,4118,3130,2423,1888,719,12,0,0,0
Oct-20,8호선,544,모란,6,1889,2956,7544,9633,6488,5876,6658,7475,7866,8387,9772,10522,9491,9186,5507,3682,3620,3260,1698,4,2,0,0
Oct-20,9호선,601,개화,8,1985,4933,10491,7123,3296,2471,2408,2239,2343,2483,2842,4353,5838,6443,2816,1900,1714,534,186,4,0,0,0
Oct-20,9호선,602,김포공항,26,1227,3104,7269,9159,8996,8941,10947,10321,12154,15026,17549,14726,19022,21184,17029,16186,16727,10760,1034,15,0,0,0
Oct-20,9호선,603,공항시장,0,2851,4000,8196,8326,4961,4018,4151,4062,4214,3915,4003,3970,3973,3842,2492,2092,1800,1189,542,0,0,0,0
Oct-20,9호선,604,신방화,2,4207,9821,24102,23041,12907,9316,8151,8983,8765,7757,8140,9433,8387,9216,5026,4217,3246,2526,851,5,0,0,0
Oct-20,9호선,605,마곡나루(서울식물원),4,3494,8082,24190,25141,12415,9071,9472,10788,11258,11447,12911,15856,23624,32132,15197,12245,12247,10473,4542,98,1,0,0
Oct-20,9호선,606,양천향교,0,3934,8284,25571,26220,13309,9876,9825,11519,10967,10437,11370,13036,17425,26212,10790,6547,5631,4104,1530,6,2,0,0
Oct-20,9호선,607,가양,14,13178,21536,63464,64357,36822,26853,26449,26829,25937,23597,24707,28766,33744,39356,18921,13357,11141,8072,2538,9,4,0,0
Oct-20,9호선,608,증미,1,1974,6393,17777,18209,9289,7302,7799,7862,7958,7746,8341,8886,12511,25998,8262,5222,4582,3207,1063,2,0,0,0
Oct-20,9호선,609,등촌,8,4404,11632,34717,41709,19043,14043,13140,13824,13215,12292,12595,13355,14248,17138,8454,6345,5403,4323,1744,5,1,0,0
Oct-20,9호선,610,염창,13,10101,22394,64298,74434,38782,23281,20245,20768,20221,16844,16129,16661,20296,23711,12574,9553,8474,6041,2099,12,4,0,0
Oct-20,9호선,611,신목동,2,1629,5072,16184,15937,7426,4895,4420,4571,4473,3753,4030,4701,5640,5323,2692,1831,1827,1670,481,3,0,0,0
Oct-20,9호선,612,선유도,6,1519,4246,16572,18639,8408,5708,6084,7118,7124,7361,8166,11209,17064,30659,11492,6611,5592,4163,1602,3,0,0,0
Oct-20,9호선,613,당산,18,7481,14682,42983,51139,29425,20861,20814,22281,22266,20875,20731,22612,30300,42823,22734,17987,16865,14469,6104,22,8,0,0
Oct-20,9호선,614,국회의사당,3,738,1469,3243,5298,4898,6212,9063,10118,11767,14983,16877,21241,54403,98469,34472,20326,18907,12904,3812,4,1,0,0
Oct-20,9호선,615,여의도,7,2279,3451,7558,9360,9892,10317,15287,15348,18349,19476,24394,34222,96474,119988,50261,33885,31113,20054,5658,16,0,0,0
Oct-20,9호선,616,샛강,10,915,1846,3758,5242,3909,3715,4266,4566,5358,5867,6782,8721,15180,25121,9727,6720,6475,4885,2200,4,1,0,0
Oct-20,9호선,617,노량진,349,14556,20353,52016,79105,43978,27771,27350,31091,35397,30494,29883,33622,43203,56717,30120,28271,32228,42108,10585,23,7,0,0
Oct-20,9호선,618,노들,9,3320,4346,14592,18276,9972,7149,5870,5733,6296,5542,5194,5571,6263,6003,3543,2446,2141,1635,689,4,1,0,0
Oct-20,9호선,619,흑석(중앙대입구),6,2840,4926,14284,19222,12289,9962,10118,10973,11023,10918,11445,12831,17953,14932,8695,6872,6647,6621,2586,5,5,0,0
Oct-20,9호선,620,동작(현충원),12,968,1512,4347,5659,3355,2240,2180,2557,2510,2392,2406,2989,3036,3750,1878,1580,1263,989,382,7,0,0,0
Oct-20,9호선,621,구반포,1,446,1502,4004,5035,3445,2881,2958,3567,4098,4231,4432,5111,6039,8010,4303,3410,2856,2209,502,1,0,0,0
Oct-20,9호선,622,신반포,0,383,1629,4636,5948,3902,3152,2895,3180,3728,3739,4738,6897,7843,7739,4260,2911,2687,1834,626,1,0,0,0
Oct-20,9호선,623,고속터미널,22,1833,4220,13038,17916,13531,11302,13275,15923,17855,19787,22244,26140,29604,30013,26651,23408,17638,14478,4933,11,5,0,0
Oct-20,9호선,624,사평,12,771,2148,7461,8237,5044,3541,3354,3812,3950,3651,4195,6449,6234,6166,3886,2243,1597,1288,443,0,1,0,0
Oct-20,9호선,625,신논현,21,4334,11214,26899,38570,25564,20810,24466,29680,33456,35877,41787,50055,71966,100226,72104,52658,55679,53790,21439,34,17,0,0
Oct-20,공항철도 1호선,639,서울역,66,2097,1689,7337,11099,6834,7011,7792,10722,10994,8993,13263,14790,19062,22327,17049,11891,11894,9180,4339,22,0,0,0
Oct-20,공항철도 1호선,640,공덕,16,927,1671,4811,4408,2668,1832,1872,2249,2263,2097,2352,2643,4342,7322,3782,2596,2584,1938,1142,48,0,0,0
Oct-20,공항철도 1호선,641,홍대입구,101,2468,3395,7388,9823,6824,5290,6402,7892,9099,10370,12601,16161,21558,27422,21103,19515,22516,24102,10411,803,1,0,0
Oct-20,공항철도 1호선,642,디지털미디어시티,67,2669,5246,15707,17374,10273,6862,7312,8419,9305,9291,11229,14159,34652,78831,31414,17885,14935,11860,4726,258,0,0,0
Oct-20,공항철도 1호선,643,마곡나루(서울식물원),6,1244,2934,9038,10514,5283,3484,4102,4785,4974,4923,7336,12663,33429,35524,14525,8986,7109,4840,1726,314,0,0,0
Oct-20,공항철도 1호선,644,김포공항,11,1665,2682,6070,10569,14919,16940,19862,16205,18578,22456,23874,16289,24254,28635,22179,21674,24329,17349,2052,137,1,0,0
Oct-20,공항철도 1호선,645,계양,9,6915,17682,47677,40788,20871,13723,12604,12306,10871,9007,8920,9625,10562,8852,5207,3600,3000,2107,957,157,0,0,0
Oct-20,공항철도 1호선,646,검암,428,6782,13093,34284,25167,12985,8783,8546,8640,7720,7029,6802,8214,10154,13895,4890,3766,3187,2459,1100,128,0,0,0
Oct-20,공항철도 1호선,647,청라국제도시,26,3065,13947,27693,17168,8980,6560,6931,7105,6246,5040,5971,7546,11770,18205,5237,3900,3125,2609,794,109,0,0,0
Oct-20,공항철도 1호선,648,운서,18,5514,8293,16252,16459,7993,8341,8691,9138,8016,8375,8750,10761,14152,11325,6069,5553,5501,3949,1733,201,0,0,0
Oct-20,공항철도 1호선,649,공항화물청사,4,414,1049,1702,2314,1659,549,789,1008,1366,2110,2749,4887,8416,14739,4010,2282,2478,2451,710,2,0,0,0
Oct-20,공항철도 1호선,650,인천공항1터미널,0,634,1626,3168,5342,4579,1863,2748,2862,4425,5264,8537,7392,12098,16784,6452,4769,4934,2704,496,6,0,0,0
Oct-20,공항철도 1호선,651,인천공항2터미널,0,612,1007,1772,3258,2771,742,912,1127,1711,2167,4720,4182,6282,8568,3672,2311,2448,1225,268,0,0,0,0
Oct-20,공항철도 1호선,652,영종,6,1965,5431,10434,7425,5513,4895,4497,4821,4292,3991,4167,4597,4736,4210,2525,1937,1818,1215,646,97,0,0,0
Oct-20,9호선2~3단계,626,언주,3,1170,2487,5227,7427,6421,6383,7655,8955,9562,10916,12296,15330,27761,45217,22586,12370,11182,8347,2567,8,1,0,0
Oct-20,9호선2~3단계,627,선정릉,1,899,3301,7430,8483,6287,5395,6194,7295,8456,9585,11022,13557,22722,44739,25812,13721,11809,9770,2935,5,0,0,0
Oct-20,9호선2~3단계,628,삼성중앙,6,675,2103,4560,5399,4621,4241,4452,5490,6208,6691,7440,10024,17996,34737,14885,8548,7459,5459,1866,2,1,0,0
Oct-20,9호선2~3단계,629,봉은사,2,1288,4281,7983,8912,7165,7098,10296,12937,15291,17250,21214,26221,47085,75207,39202,25526,23190,16106,4022,10,0,0,0
Oct-20,9호선2~3단계,630,종합운동장,2,1061,2853,8081,9300,5648,4195,4123,4832,4881,4679,4837,6403,8297,10186,6098,4791,5344,4908,1961,10,1,0,0
Oct-20,9호선2~3단계,631,삼전,5,3294,5888,16068,24608,16135,8475,7222,7893,7818,7158,7111,7902,9322,10960,6463,4659,3900,3668,1200,3,0,0,0
Oct-20,9호선2~3단계,632,석촌고분,12,2059,4148,12498,20590,13107,7487,6557,6686,7177,6339,6420,7397,8256,10366,5995,4132,3702,3304,1080,3,2,0,0
Oct-20,9호선2~3단계,633,석촌,1,2545,7101,19333,25415,16163,9499,9188,9524,9891,9196,9436,10962,12580,14267,8898,7726,7688,6781,2180,10,1,0,0
Oct-20,9호선2~3단계,634,송파나루,0,1602,2872,10033,12976,8059,4665,4562,4893,5289,5210,5233,5585,7018,9635,5492,5230,5514,4658,1263,3,2,0,0
Oct-20,9호선2~3단계,635,한성백제,0,659,2071,5465,6957,4060,2734,2609,2909,3257,3379,3912,4834,5804,6654,2895,2243,1887,1351,404,1,4,0,0
Oct-20,9호선2~3단계,636,올림픽공원(한국체대),0,1293,5835,12823,14943,10303,6121,5990,6764,7113,7219,9047,12278,16735,16644,7314,4946,5161,3991,902,2,1,0,0
Oct-20,9호선2~3단계,637,둔촌오륜,0,147,777,2846,3060,1682,1062,1176,1049,1767,1451,2229,3306,2452,2036,927,570,448,297,75,0,0,0,0
Oct-20,9호선2~3단계,638,중앙보훈병원,2,2284,9964,29688,31107,19358,14188,14262,13099,9940,13438,14458,14119,16759,11994,5395,3534,2831,2087,624,0,0,0,0
Oct-20,우이신설선,696,북한산우이,21,1159,2182,7386,7903,4134,3586,3715,5351,6435,7988,9366,10526,8766,5799,3208,1950,1218,746,268,4,2,0,0
Oct-20,우이신설선,697,솔밭공원,4,1435,3118,8377,8299,5447,4104,3831,3870,3514,3520,3329,3420,3036,2560,1522,947,762,510,218,5,0,1,0
Oct-20,우이신설선,698,4.19민주묘지,5,1173,2843,6637,7228,5516,4135,4853,4678,4996,5121,5882,6235,5884,4747,2720,1971,1451,1003,368,0,2,0,0
Oct-20,우이신설선,699,가오리,2,2103,5028,14057,15495,9226,6906,6339,5822,6118,5386,4797,4738,4947,4191,2892,1758,1384,950,398,4,0,0,0
Oct-20,우이신설선,700,화계,1,1843,3610,10634,12625,7937,5531,5167,5288,5033,4781,4525,4191,4081,3652,2743,1432,1223,926,328,6,1,0,0
Oct-20,우이신설선,701,삼양,6,1054,2352,6106,6560,4647,3691,3235,3143,3321,3043,2762,2665,2523,2424,1615,1145,717,527,177,2,1,1,0
Oct-20,우이신설선,702,삼양사거리,1,1159,2548,6246,7657,5172,4559,3960,4006,4181,3767,3669,3263,3255,3121,2227,1528,1080,867,298,0,0,0,0
Oct-20,우이신설선,703,솔샘,2,2288,7839,25606,25405,13452,8644,7190,7282,7270,6146,5859,5670,5437,4663,2672,1956,1428,1280,555,2,1,0,0
Oct-20,우이신설선,704,북한산보국문,7,1669,5732,17459,21276,13041,9199,8806,8751,8771,8473,8181,8126,9275,8995,5137,3498,2967,2454,1147,5,4,0,0
Oct-20,우이신설선,705,정릉,1,1838,4446,12235,14344,10711,7705,7241,7102,7021,6572,5883,6507,6842,6865,3996,2460,2195,1620,613,1,0,0,0
Oct-20,우이신설선,706,성신여대입구(돈암),1,719,1088,3159,5030,3850,3488,4015,4440,4541,4647,5121,5692,6381,7880,5074,4523,4967,4145,1657,2,1,0,0
Oct-20,우이신설선,707,보문,2,433,735,1893,3171,2592,2219,2148,2196,2382,2361,2437,2781,3063,3947,1899,1344,1223,979,407,4,2,0,0
Oct-20,우이신설선,708,신설동,23,931,810,1120,1928,1821,1856,2593,2637,2865,3243,4035,4815,6669,10126,4204,2609,2407,1592,617,2,1,0,0
